,gender,age,hhi,race,ethnicity
0,Female,65 to 74 Years,3,white,non-hispanic
1,Female,55 to 64 Years,2,white,non-hispanic
2,Male,65 to 74 Years,4,white,non-hispanic
3,Male,55 to 64 Years,5,white,non-hispanic
4,Female,55 to 64 Years,5,asian,non-hispanic
5,Male,65 to 74 Years,3,white,non-hispanic
6,Female,75 Years & Over,6,white,non-hispanic
7,Male,45 to 54 Years,8,white,non-hispanic
8,Female,25 to 34 Years,6,white,hispanic
9,Male,65 to 74 Years,3,white,non-hispanic
10,Female,25 to 34 Years,4,white,non-hispanic
11,Female,55 to 64 Years,7,white,non-hispanic
12,Male,55 to 64 Years,8,white,non-hispanic
13,Female,35 to 44 Years,8,white,non-hispanic
14,Female,25 to 34 Years,8,white,non-hispanic
15,Female,75 Years & Over,6,,
16,Male,75 Years & Over,6,white,non-hispanic
17,Female,35 to 44 Years,3,white,non-hispanic
18,Female,25 to 34 Years,8,white,non-hispanic
19,Female,25 to 34 Years,5,white,non-hispanic
20,Female,55 to 64 Years,5,white,non-hispanic
21,Male,25 to 34 Years,8,asian,non-hispanic
22,Female,25 to 34 Years,5,white,non-hispanic
23,Female,25 to 34 Years,7,white,non-hispanic
24,Male,55 to 64 Years,7,white,non-hispanic
25,Male,75 Years & Over,6,,
26,Female,65 to 74 Years,4,white,non-hispanic
27,Female,25 to 34 Years,4,white,non-hispanic
28,Male,65 to 74 Years,6,white,non-hispanic
29,Female,18 to 24 Years,7,white,non-hispanic
30,Male,55 to 64 Years,7,two_or_more,non-hispanic
31,Male,35 to 44 Years,2,white,non-hispanic
32,Male,25 to 34 Years,6,white,non-hispanic
33,Male,65 to 74 Years,8,white,non-hispanic
34,Female,45 to 54 Years,8,white,non-hispanic
35,Male,18 to 24 Years,5,white,non-hispanic
36,Female,25 to 34 Years,5,white,non-hispanic
37,Female,75 Years & Over,2,aa,non-hispanic
38,Female,65 to 74 Years,2,white,non-hispanic
39,Male,25 to 34 Years,8,white,non-hispanic
40,Female,55 to 64 Years,7,white,non-hispanic
41,Female,25 to 34 Years,6,white,non-hispanic
42,Female,35 to 44 Years,5,,
43,Female,55 to 64 Years,6,white,non-hispanic
44,Male,65 to 74 Years,3,,hispanic
45,Female,65 to 74 Years,3,white,non-hispanic
46,Female,65 to 74 Years,3,white,non-hispanic
47,Female,65 to 74 Years,4,white,non-hispanic
48,Male,65 to 74 Years,5,white,non-hispanic
49,Female,55 to 64 Years,6,white,non-hispanic
50,Female,55 to 64 Years,6,white,non-hispanic
51,Male,65 to 74 Years,4,white,non-hispanic
52,Male,25 to 34 Years,5,white,non-hispanic
53,Male,35 to 44 Years,7,white,non-hispanic
54,Female,55 to 64 Years,6,,hispanic
55,Female,35 to 44 Years,3,white,non-hispanic
56,Nonbinary,25 to 34 Years,6,white,non-hispanic
57,Male,25 to 34 Years,4,white,non-hispanic
58,Female,55 to 64 Years,6,white,non-hispanic
59,Female,25 to 34 Years,6,two_or_more,non-hispanic
60,Male,35 to 44 Years,7,white,non-hispanic
61,Female,35 to 44 Years,7,white,non-hispanic
62,Male,25 to 34 Years,6,white,non-hispanic
63,Female,75 Years & Over,3,white,non-hispanic
64,Female,35 to 44 Years,8,white,non-hispanic
65,Female,35 to 44 Years,7,white,non-hispanic
66,Female,75 Years & Over,4,white,non-hispanic
67,Male,35 to 44 Years,8,white,non-hispanic
68,Female,25 to 34 Years,3,white,non-hispanic
69,Female,25 to 34 Years,4,asian,non-hispanic
70,Female,75 Years & Over,6,white,non-hispanic
71,Female,35 to 44 Years,8,asian,non-hispanic
72,Female,75 Years & Over,2,white,non-hispanic
73,Female,55 to 64 Years,6,white,non-hispanic
74,Female,65 to 74 Years,2,white,non-hispanic
75,Female,35 to 44 Years,6,white,non-hispanic
76,Female,25 to 34 Years,5,white,non-hispanic
77,Female,18 to 24 Years,2,white,non-hispanic
78,Male,55 to 64 Years,5,white,non-hispanic
79,Female,55 to 64 Years,3,white,non-hispanic
80,Female,45 to 54 Years,8,white,non-hispanic
81,Male,45 to 54 Years,6,,
82,Female,45 to 54 Years,7,white,non-hispanic
83,Male,25 to 34 Years,7,white,non-hispanic
84,Nonbinary,25 to 34 Years,6,white,non-hispanic
85,Male,35 to 44 Years,6,asian,non-hispanic
86,Male,35 to 44 Years,8,white,non-hispanic
87,Female,65 to 74 Years,1,white,non-hispanic
88,Female,65 to 74 Years,3,white,non-hispanic
89,Female,35 to 44 Years,4,,hispanic
90,Female,18 to 24 Years,3,white,non-hispanic
91,Male,35 to 44 Years,8,white,non-hispanic
92,Female,25 to 34 Years,4,white,non-hispanic
93,Female,55 to 64 Years,3,white,non-hispanic
94,Female,25 to 34 Years,8,white,non-hispanic
95,Female,65 to 74 Years,2,,hispanic
96,Female,75 Years & Over,2,white,non-hispanic
97,Female,25 to 34 Years,5,white,non-hispanic
98,Female,55 to 64 Years,6,white,non-hispanic
99,Female,45 to 54 Years,6,white,non-hispanic
100,Female,55 to 64 Years,7,,
101,Male,55 to 64 Years,3,white,non-hispanic
102,Female,25 to 34 Years,4,white,non-hispanic
103,Male,18 to 24 Years,2,white,non-hispanic
104,Female,45 to 54 Years,3,,hispanic
105,Female,75 Years & Over,2,white,non-hispanic
106,Male,35 to 44 Years,5,white,non-hispanic
107,Male,75 Years & Over,6,white,non-hispanic
108,Male,25 to 34 Years,5,asian,non-hispanic
109,Female,25 to 34 Years,4,white,non-hispanic
110,Female,18 to 24 Years,3,white,non-hispanic
111,Male,25 to 34 Years,3,white,non-hispanic
112,Female,25 to 34 Years,5,white,non-hispanic
113,Male,35 to 44 Years,8,,hispanic
114,Female,35 to 44 Years,6,white,non-hispanic
115,Female,35 to 44 Years,8,white,non-hispanic
116,Female,45 to 54 Years,5,white,non-hispanic
117,Female,45 to 54 Years,8,white,non-hispanic
118,Female,75 Years & Over,2,two_or_more,non-hispanic
119,Male,25 to 34 Years,4,white,non-hispanic
120,Female,18 to 24 Years,3,white,non-hispanic
121,Female,18 to 24 Years,3,aa,non-hispanic
122,Male,35 to 44 Years,4,,hispanic
123,Male,25 to 34 Years,7,white,non-hispanic
124,Male,75 Years & Over,6,asian,non-hispanic
125,Male,45 to 54 Years,5,white,non-hispanic
126,Male,25 to 34 Years,8,white,non-hispanic
127,Male,75 Years & Over,3,white,non-hispanic
128,Female,75 Years & Over,5,white,non-hispanic
129,Male,65 to 74 Years,4,white,non-hispanic
130,Male,45 to 54 Years,6,white,non-hispanic
131,Female,45 to 54 Years,8,asian,non-hispanic
132,Female,35 to 44 Years,5,white,non-hispanic
133,Nonbinary,35 to 44 Years,8,white,non-hispanic
134,Female,75 Years & Over,4,white,non-hispanic
135,Male,45 to 54 Years,8,white,non-hispanic
136,Male,65 to 74 Years,3,white,non-hispanic
137,Male,35 to 44 Years,6,white,non-hispanic
138,Male,25 to 34 Years,7,two_or_more,non-hispanic
139,Female,35 to 44 Years,8,white,non-hispanic
140,Female,65 to 74 Years,7,white,non-hispanic
141,Female,55 to 64 Years,6,white,non-hispanic
142,Female,45 to 54 Years,2,white,non-hispanic
143,Female,45 to 54 Years,8,white,non-hispanic
144,Male,25 to 34 Years,6,white,non-hispanic
145,Male,25 to 34 Years,6,white,non-hispanic
146,Female,55 to 64 Years,2,white,non-hispanic
147,Male,25 to 34 Years,6,white,non-hispanic
148,Female,55 to 64 Years,7,white,non-hispanic
149,Female,65 to 74 Years,6,white,non-hispanic
150,Female,65 to 74 Years,1,white,non-hispanic
151,Male,35 to 44 Years,8,white,non-hispanic
152,Female,35 to 44 Years,6,white,non-hispanic
153,Female,55 to 64 Years,5,white,non-hispanic
154,Male,35 to 44 Years,4,white,non-hispanic
155,Female,75 Years & Over,2,white,non-hispanic
156,Male,65 to 74 Years,6,asian,non-hispanic
157,Male,35 to 44 Years,8,white,non-hispanic
158,Female,45 to 54 Years,8,white,non-hispanic
159,Male,25 to 34 Years,5,white,non-hispanic
160,Male,55 to 64 Years,8,white,non-hispanic
161,Male,35 to 44 Years,6,white,non-hispanic
162,Female,75 Years & Over,2,asian,non-hispanic
163,Female,35 to 44 Years,4,white,non-hispanic
164,Female,45 to 54 Years,7,white,non-hispanic
165,Female,25 to 34 Years,7,white,non-hispanic
166,Female,45 to 54 Years,3,white,non-hispanic
167,Female,65 to 74 Years,2,white,non-hispanic
168,Male,65 to 74 Years,6,white,non-hispanic
169,Female,45 to 54 Years,7,white,non-hispanic
170,Male,65 to 74 Years,5,asian,non-hispanic
171,Male,55 to 64 Years,3,white,non-hispanic
172,Male,25 to 34 Years,3,asian,non-hispanic
173,Female,45 to 54 Years,4,white,non-hispanic
174,Male,25 to 34 Years,4,white,non-hispanic
175,Female,25 to 34 Years,4,white,non-hispanic
176,Male,45 to 54 Years,6,two_or_more,non-hispanic
177,Female,25 to 34 Years,3,white,non-hispanic
178,Female,65 to 74 Years,5,white,non-hispanic
179,Female,25 to 34 Years,5,white,non-hispanic
180,Female,25 to 34 Years,4,white,non-hispanic
181,Male,25 to 34 Years,5,white,non-hispanic
182,Female,75 Years & Over,6,white,non-hispanic
183,Female,75 Years & Over,4,white,non-hispanic
184,Female,25 to 34 Years,6,white,non-hispanic
185,Male,55 to 64 Years,3,white,non-hispanic
186,Female,65 to 74 Years,5,white,non-hispanic
187,Male,25 to 34 Years,4,asian,non-hispanic
188,Female,75 Years & Over,3,,
189,Female,55 to 64 Years,8,white,non-hispanic
190,Female,18 to 24 Years,6,asian,non-hispanic
191,Female,75 Years & Over,2,other,non-hispanic
192,Female,25 to 34 Years,7,white,non-hispanic
193,Female,35 to 44 Years,8,white,non-hispanic
194,Male,25 to 34 Years,5,white,non-hispanic
195,Female,25 to 34 Years,4,white,non-hispanic
196,Female,35 to 44 Years,8,white,non-hispanic
197,Male,35 to 44 Years,8,white,non-hispanic
198,Male,25 to 34 Years,6,white,non-hispanic
199,Male,35 to 44 Years,2,asian,non-hispanic
200,Male,75 Years & Over,7,white,non-hispanic
201,Female,25 to 34 Years,4,,hispanic
202,Female,55 to 64 Years,6,,
203,Female,25 to 34 Years,6,two_or_more,non-hispanic
204,Male,35 to 44 Years,7,white,non-hispanic
205,Male,65 to 74 Years,4,aa,non-hispanic
206,Male,75 Years & Over,7,white,non-hispanic
207,Female,25 to 34 Years,4,white,non-hispanic
208,Female,25 to 34 Years,5,white,non-hispanic
209,Male,35 to 44 Years,5,,hispanic
210,Female,45 to 54 Years,6,asian,non-hispanic
211,Female,25 to 34 Years,4,white,non-hispanic
212,Female,55 to 64 Years,3,white,non-hispanic
213,Male,75 Years & Over,2,white,non-hispanic
214,Female,65 to 74 Years,6,white,non-hispanic
215,Female,65 to 74 Years,2,white,non-hispanic
216,Male,25 to 34 Years,6,white,non-hispanic
217,Female,18 to 24 Years,6,white,non-hispanic
218,Male,25 to 34 Years,6,white,non-hispanic
219,Male,45 to 54 Years,6,white,non-hispanic
220,Female,25 to 34 Years,7,white,non-hispanic
221,Female,65 to 74 Years,4,white,non-hispanic
222,Female,75 Years & Over,5,,
223,Female,45 to 54 Years,6,white,non-hispanic
224,Male,45 to 54 Years,6,white,non-hispanic
225,Female,35 to 44 Years,4,two_or_more,non-hispanic
226,Female,65 to 74 Years,4,white,non-hispanic
227,Female,65 to 74 Years,4,white,hispanic
228,Male,25 to 34 Years,8,asian,non-hispanic
229,Female,65 to 74 Years,3,white,non-hispanic
230,Female,25 to 34 Years,4,white,non-hispanic
231,Female,65 to 74 Years,2,white,non-hispanic
232,Male,35 to 44 Years,4,,hispanic
233,Female,45 to 54 Years,4,asian,non-hispanic
234,Male,25 to 34 Years,4,,hispanic
235,Female,45 to 54 Years,4,,
236,Female,25 to 34 Years,7,two_or_more,non-hispanic
237,Male,75 Years & Over,5,,
238,Female,35 to 44 Years,4,white,non-hispanic
239,Female,75 Years & Over,4,white,non-hispanic
240,Male,75 Years & Over,5,white,non-hispanic
241,Female,35 to 44 Years,8,white,non-hispanic
242,Female,35 to 44 Years,8,white,non-hispanic
243,Male,55 to 64 Years,6,white,non-hispanic
244,Female,55 to 64 Years,4,,hispanic
245,Female,55 to 64 Years,7,white,non-hispanic
246,Male,25 to 34 Years,7,,
247,Male,25 to 34 Years,2,white,non-hispanic
248,Male,55 to 64 Years,6,white,non-hispanic
249,Female,25 to 34 Years,6,white,non-hispanic
250,Female,45 to 54 Years,8,white,non-hispanic
251,Female,25 to 34 Years,2,white,non-hispanic
252,Female,25 to 34 Years,6,white,non-hispanic
253,Female,45 to 54 Years,7,white,non-hispanic
254,Female,25 to 34 Years,3,white,non-hispanic
255,Female,25 to 34 Years,8,asian,non-hispanic
256,Female,75 Years & Over,6,white,non-hispanic
257,Male,35 to 44 Years,2,white,non-hispanic
258,Male,25 to 34 Years,6,white,non-hispanic
259,Female,65 to 74 Years,8,white,non-hispanic
260,Male,75 Years & Over,2,,
261,Female,55 to 64 Years,3,,non-hispanic
262,Male,25 to 34 Years,7,white,non-hispanic
263,Female,35 to 44 Years,6,asian,non-hispanic
264,Male,35 to 44 Years,8,white,non-hispanic
265,Female,45 to 54 Years,5,white,non-hispanic
266,Male,55 to 64 Years,5,white,non-hispanic
267,Male,45 to 54 Years,8,white,non-hispanic
268,Female,35 to 44 Years,6,white,non-hispanic
269,Male,45 to 54 Years,6,white,non-hispanic
270,Female,18 to 24 Years,6,white,non-hispanic
271,Female,65 to 74 Years,6,white,non-hispanic
272,Female,35 to 44 Years,8,white,non-hispanic
273,Female,35 to 44 Years,8,white,non-hispanic
274,Male,35 to 44 Years,7,white,non-hispanic
275,Female,55 to 64 Years,4,aa,non-hispanic
276,Female,25 to 34 Years,5,white,non-hispanic
277,Male,65 to 74 Years,4,white,non-hispanic
278,Male,18 to 24 Years,5,white,non-hispanic
279,Female,45 to 54 Years,4,white,non-hispanic
280,Female,35 to 44 Years,6,asian,non-hispanic
281,Female,75 Years & Over,2,white,non-hispanic
282,Male,18 to 24 Years,8,white,non-hispanic
283,Female,35 to 44 Years,5,,hispanic
284,Male,25 to 34 Years,7,white,non-hispanic
285,Female,25 to 34 Years,7,white,non-hispanic
286,Female,25 to 34 Years,8,white,non-hispanic
287,Male,75 Years & Over,8,,
288,Female,35 to 44 Years,7,white,non-hispanic
289,Male,35 to 44 Years,7,white,non-hispanic
290,Female,25 to 34 Years,4,white,non-hispanic
291,Female,65 to 74 Years,2,white,non-hispanic
292,Female,35 to 44 Years,6,white,non-hispanic
293,Male,35 to 44 Years,8,white,non-hispanic
294,Female,35 to 44 Years,8,white,non-hispanic
295,Male,25 to 34 Years,4,two_or_more,non-hispanic
296,Female,65 to 74 Years,4,white,non-hispanic
297,Female,25 to 34 Years,3,white,non-hispanic
298,Female,25 to 34 Years,8,white,non-hispanic
299,Female,65 to 74 Years,2,white,non-hispanic
300,Female,25 to 34 Years,6,white,non-hispanic
301,Male,65 to 74 Years,6,white,non-hispanic
302,Female,35 to 44 Years,6,white,non-hispanic
303,Female,75 Years & Over,3,white,non-hispanic
304,Female,55 to 64 Years,2,white,non-hispanic
305,Female,45 to 54 Years,2,white,non-hispanic
306,Male,35 to 44 Years,4,asian,non-hispanic
307,Female,55 to 64 Years,4,white,non-hispanic
308,Male,25 to 34 Years,8,white,non-hispanic
309,Male,45 to 54 Years,8,white,non-hispanic
310,Male,35 to 44 Years,6,white,non-hispanic
311,Male,75 Years & Over,2,aa,non-hispanic
312,Male,25 to 34 Years,3,white,non-hispanic
313,Male,75 Years & Over,8,white,non-hispanic
314,Female,75 Years & Over,7,,
315,Female,25 to 34 Years,6,white,non-hispanic
316,Female,65 to 74 Years,7,white,non-hispanic
317,Female,25 to 34 Years,7,white,non-hispanic
318,Female,25 to 34 Years,4,white,non-hispanic
319,Male,65 to 74 Years,6,white,non-hispanic
320,Male,45 to 54 Years,1,white,non-hispanic
321,Male,25 to 34 Years,6,white,non-hispanic
322,Male,45 to 54 Years,8,white,non-hispanic
323,Female,35 to 44 Years,8,asian,non-hispanic
324,Female,35 to 44 Years,8,white,non-hispanic
325,Female,75 Years & Over,6,white,non-hispanic
326,Female,18 to 24 Years,6,white,non-hispanic
327,Female,55 to 64 Years,3,white,non-hispanic
328,Female,35 to 44 Years,5,white,non-hispanic
329,Female,35 to 44 Years,6,white,non-hispanic
330,Female,25 to 34 Years,5,white,non-hispanic
331,Female,55 to 64 Years,5,white,non-hispanic
332,Female,35 to 44 Years,8,white,non-hispanic
333,Male,35 to 44 Years,5,white,non-hispanic
334,Female,75 Years & Over,6,,
335,Female,35 to 44 Years,8,white,non-hispanic
336,Male,35 to 44 Years,8,asian,non-hispanic
337,Male,45 to 54 Years,7,white,non-hispanic
338,Male,65 to 74 Years,5,white,non-hispanic
339,Female,65 to 74 Years,6,white,non-hispanic
340,Female,25 to 34 Years,6,white,non-hispanic
341,Female,35 to 44 Years,6,white,non-hispanic
342,Male,18 to 24 Years,4,white,non-hispanic
343,Female,55 to 64 Years,2,,hispanic
344,Male,25 to 34 Years,1,white,non-hispanic
345,Female,35 to 44 Years,8,white,non-hispanic
346,Male,25 to 34 Years,7,white,non-hispanic
347,Female,25 to 34 Years,7,asian,non-hispanic
348,Female,45 to 54 Years,6,white,non-hispanic
349,Female,45 to 54 Years,8,asian,non-hispanic
350,Male,35 to 44 Years,5,,
351,Female,35 to 44 Years,4,white,non-hispanic
352,Female,35 to 44 Years,5,aa,non-hispanic
353,Female,55 to 64 Years,3,white,non-hispanic
354,Female,35 to 44 Years,4,two_or_more,non-hispanic
355,Male,55 to 64 Years,5,,hispanic
356,Male,45 to 54 Years,8,white,non-hispanic
357,Female,35 to 44 Years,4,white,non-hispanic
358,Male,65 to 74 Years,5,white,non-hispanic
359,Male,55 to 64 Years,6,white,non-hispanic
360,Female,25 to 34 Years,8,white,non-hispanic
361,Male,65 to 74 Years,7,asian,non-hispanic
362,Female,45 to 54 Years,6,white,non-hispanic
363,Female,65 to 74 Years,7,white,non-hispanic
364,Female,75 Years & Over,7,,
365,Female,65 to 74 Years,2,,hispanic
366,Female,25 to 34 Years,6,white,non-hispanic
367,Female,35 to 44 Years,6,asian,non-hispanic
368,Female,55 to 64 Years,2,white,non-hispanic
369,Female,25 to 34 Years,5,asian,non-hispanic
370,Female,35 to 44 Years,6,asian,non-hispanic
371,Female,55 to 64 Years,4,white,non-hispanic
372,Male,55 to 64 Years,8,,hispanic
373,Female,35 to 44 Years,7,white,non-hispanic
374,Male,25 to 34 Years,5,white,non-hispanic
375,Female,25 to 34 Years,4,white,non-hispanic
376,Female,25 to 34 Years,6,asian,non-hispanic
377,Female,25 to 34 Years,8,white,non-hispanic
378,Male,25 to 34 Years,7,white,non-hispanic
379,Female,25 to 34 Years,7,other,non-hispanic
380,Female,35 to 44 Years,5,white,non-hispanic
381,Male,25 to 34 Years,3,white,non-hispanic
382,Male,35 to 44 Years,4,,hispanic
383,Male,25 to 34 Years,6,white,non-hispanic
384,Male,25 to 34 Years,8,white,non-hispanic
385,Female,25 to 34 Years,4,white,non-hispanic
386,Male,65 to 74 Years,5,white,non-hispanic
387,Male,65 to 74 Years,4,aa,non-hispanic
388,Female,35 to 44 Years,3,white,non-hispanic
389,Female,25 to 34 Years,6,white,non-hispanic
390,Male,45 to 54 Years,4,white,non-hispanic
391,Female,25 to 34 Years,7,white,non-hispanic
392,Female,25 to 34 Years,7,white,non-hispanic
393,Female,75 Years & Over,3,two_or_more,non-hispanic
394,Female,65 to 74 Years,2,two_or_more,non-hispanic
395,Male,35 to 44 Years,8,white,non-hispanic
396,Male,65 to 74 Years,2,white,non-hispanic
397,Male,35 to 44 Years,8,white,non-hispanic
398,Male,25 to 34 Years,6,white,non-hispanic
399,Female,25 to 34 Years,7,white,non-hispanic
400,Male,25 to 34 Years,5,white,non-hispanic
401,Male,25 to 34 Years,6,white,non-hispanic
402,Female,55 to 64 Years,2,two_or_more,non-hispanic
403,Female,35 to 44 Years,8,white,non-hispanic
404,Male,25 to 34 Years,6,white,non-hispanic
405,Male,55 to 64 Years,4,white,non-hispanic
406,Female,65 to 74 Years,7,white,non-hispanic
407,Male,65 to 74 Years,3,white,non-hispanic
408,Female,65 to 74 Years,6,asian,non-hispanic
409,Female,25 to 34 Years,5,white,non-hispanic
410,Female,65 to 74 Years,3,white,non-hispanic
411,Female,35 to 44 Years,5,white,non-hispanic
412,Female,25 to 34 Years,4,white,non-hispanic
413,Male,25 to 34 Years,6,white,non-hispanic
414,Female,35 to 44 Years,7,asian,non-hispanic
415,Female,45 to 54 Years,6,white,non-hispanic
416,Male,75 Years & Over,1,white,non-hispanic
417,Female,25 to 34 Years,7,white,non-hispanic
418,Female,65 to 74 Years,5,white,non-hispanic
419,Male,25 to 34 Years,6,white,non-hispanic
420,Female,25 to 34 Years,8,white,non-hispanic
421,Female,25 to 34 Years,6,white,non-hispanic
422,Male,25 to 34 Years,4,white,non-hispanic
423,Female,35 to 44 Years,7,white,non-hispanic
424,Male,25 to 34 Years,7,white,non-hispanic
425,Male,75 Years & Over,3,white,non-hispanic
426,Male,35 to 44 Years,8,white,non-hispanic
427,Female,55 to 64 Years,8,asian,non-hispanic
428,Female,25 to 34 Years,8,white,non-hispanic
429,Female,18 to 24 Years,5,white,non-hispanic
430,Female,18 to 24 Years,5,aa,non-hispanic
431,Male,25 to 34 Years,3,white,non-hispanic
432,Female,35 to 44 Years,4,white,non-hispanic
433,Female,65 to 74 Years,7,white,non-hispanic
434,Female,17 Years,1,,hispanic
435,Male,35 to 44 Years,8,white,non-hispanic
436,Female,75 Years & Over,6,white,non-hispanic
437,Male,35 to 44 Years,6,white,non-hispanic
438,Male,55 to 64 Years,7,aa,non-hispanic
439,Female,35 to 44 Years,8,,hispanic
440,Female,25 to 34 Years,5,white,non-hispanic
441,Female,25 to 34 Years,8,white,non-hispanic
442,Female,45 to 54 Years,6,white,non-hispanic
443,Male,45 to 54 Years,8,white,non-hispanic
444,Female,35 to 44 Years,8,white,non-hispanic
445,Female,25 to 34 Years,3,white,non-hispanic
446,Male,55 to 64 Years,7,white,non-hispanic
447,Female,35 to 44 Years,4,asian,non-hispanic
448,Female,35 to 44 Years,2,white,non-hispanic
449,Female,65 to 74 Years,2,white,non-hispanic
450,Male,35 to 44 Years,4,,
451,Female,65 to 74 Years,3,,hispanic
452,Female,65 to 74 Years,3,,hispanic
453,Female,75 Years & Over,4,aa,non-hispanic
454,Female,35 to 44 Years,8,white,non-hispanic
455,Male,25 to 34 Years,6,white,non-hispanic
456,Female,75 Years & Over,1,,
457,Female,45 to 54 Years,4,,
458,Female,35 to 44 Years,8,two_or_more,non-hispanic
459,Female,25 to 34 Years,5,white,non-hispanic
460,Female,65 to 74 Years,3,white,non-hispanic
461,Female,35 to 44 Years,7,aa,non-hispanic
462,Female,45 to 54 Years,6,white,non-hispanic
463,Male,25 to 34 Years,3,white,non-hispanic
464,Male,65 to 74 Years,5,white,non-hispanic
465,Male,25 to 34 Years,7,white,non-hispanic
466,Male,45 to 54 Years,8,white,non-hispanic
467,Male,25 to 34 Years,6,white,non-hispanic
468,Male,25 to 34 Years,5,white,non-hispanic
469,Male,75 Years & Over,4,asian,non-hispanic
470,Female,25 to 34 Years,5,white,non-hispanic
471,Female,35 to 44 Years,3,white,non-hispanic
472,Male,75 Years & Over,1,aa,non-hispanic
473,Female,35 to 44 Years,8,white,non-hispanic
474,Male,55 to 64 Years,8,white,non-hispanic
475,Female,55 to 64 Years,2,white,non-hispanic
476,Female,55 to 64 Years,4,,
477,Female,25 to 34 Years,6,white,non-hispanic
478,Female,55 to 64 Years,7,white,non-hispanic
479,Female,25 to 34 Years,8,white,non-hispanic
480,Male,45 to 54 Years,7,white,non-hispanic
481,Female,55 to 64 Years,3,white,non-hispanic
482,Female,25 to 34 Years,7,white,non-hispanic
483,Male,45 to 54 Years,8,,
484,Female,18 to 24 Years,4,white,non-hispanic
485,Male,55 to 64 Years,7,white,non-hispanic
486,Female,45 to 54 Years,6,white,non-hispanic
487,Female,45 to 54 Years,8,white,non-hispanic
488,Male,65 to 74 Years,6,asian,non-hispanic
489,Female,65 to 74 Years,4,white,non-hispanic
490,Male,75 Years & Over,6,,
491,Female,65 to 74 Years,7,white,non-hispanic
492,Male,25 to 34 Years,7,white,non-hispanic
493,Male,35 to 44 Years,7,white,non-hispanic
494,Male,25 to 34 Years,4,white,non-hispanic
495,Male,75 Years & Over,4,white,non-hispanic
496,Male,65 to 74 Years,5,white,non-hispanic
497,Female,75 Years & Over,6,white,non-hispanic
498,Female,25 to 34 Years,7,white,non-hispanic
499,Female,25 to 34 Years,4,white,non-hispanic
500,Male,45 to 54 Years,4,white,non-hispanic
501,Female,18 to 24 Years,4,white,non-hispanic
502,Female,35 to 44 Years,8,white,non-hispanic
503,Female,25 to 34 Years,6,white,non-hispanic
504,Female,55 to 64 Years,3,white,non-hispanic
505,Female,75 Years & Over,6,white,non-hispanic
506,Female,45 to 54 Years,4,white,non-hispanic
507,Male,25 to 34 Years,3,aa,non-hispanic
508,Male,25 to 34 Years,6,white,non-hispanic
509,Female,45 to 54 Years,5,asian,non-hispanic
510,Male,35 to 44 Years,8,white,non-hispanic
511,Male,35 to 44 Years,7,white,non-hispanic
512,Male,35 to 44 Years,6,white,non-hispanic
513,Female,35 to 44 Years,4,white,non-hispanic
514,Female,25 to 34 Years,6,white,non-hispanic
515,Male,55 to 64 Years,4,asian,non-hispanic
516,Male,55 to 64 Years,3,white,non-hispanic
517,Female,75 Years & Over,4,white,non-hispanic
518,Male,35 to 44 Years,5,asian,non-hispanic
519,Female,35 to 44 Years,7,white,non-hispanic
520,Female,45 to 54 Years,8,white,non-hispanic
521,Male,25 to 34 Years,5,white,non-hispanic
522,Female,25 to 34 Years,4,white,non-hispanic
523,Female,35 to 44 Years,8,white,non-hispanic
524,Female,45 to 54 Years,5,white,non-hispanic
525,Female,55 to 64 Years,4,white,non-hispanic
526,Female,25 to 34 Years,8,white,non-hispanic
527,Female,75 Years & Over,4,white,non-hispanic
528,Male,35 to 44 Years,8,white,non-hispanic
529,Female,25 to 34 Years,7,,hispanic
530,Female,55 to 64 Years,4,white,non-hispanic
531,Male,35 to 44 Years,8,white,non-hispanic
532,Female,25 to 34 Years,6,white,non-hispanic
533,Female,45 to 54 Years,8,white,non-hispanic
534,Female,45 to 54 Years,8,white,non-hispanic
535,Male,45 to 54 Years,8,white,non-hispanic
536,Female,35 to 44 Years,4,white,non-hispanic
537,Female,25 to 34 Years,4,white,non-hispanic
538,Male,55 to 64 Years,7,white,non-hispanic
539,Male,75 Years & Over,4,white,non-hispanic
540,Female,35 to 44 Years,8,white,non-hispanic
541,Female,75 Years & Over,1,white,non-hispanic
542,Male,45 to 54 Years,6,white,non-hispanic
543,Male,25 to 34 Years,8,white,non-hispanic
544,Male,25 to 34 Years,8,white,non-hispanic
545,Female,25 to 34 Years,6,white,non-hispanic
546,Female,25 to 34 Years,7,white,non-hispanic
547,Male,65 to 74 Years,1,white,non-hispanic
548,Female,55 to 64 Years,1,white,non-hispanic
549,Female,75 Years & Over,2,white,non-hispanic
550,Female,65 to 74 Years,5,,
551,Male,25 to 34 Years,7,white,non-hispanic
552,Female,75 Years & Over,4,white,non-hispanic
553,Male,75 Years & Over,8,,
554,Female,65 to 74 Years,7,white,non-hispanic
555,Male,55 to 64 Years,1,,hispanic
556,Female,25 to 34 Years,5,white,non-hispanic
557,Male,55 to 64 Years,7,white,non-hispanic
558,Female,25 to 34 Years,4,white,non-hispanic
559,Male,35 to 44 Years,8,white,non-hispanic
560,Nonbinary,25 to 34 Years,6,white,non-hispanic
561,Female,25 to 34 Years,6,white,non-hispanic
562,Female,55 to 64 Years,6,white,non-hispanic
563,Female,18 to 24 Years,7,white,non-hispanic
564,Female,25 to 34 Years,5,white,non-hispanic
565,Male,75 Years & Over,5,,
566,Female,65 to 74 Years,3,white,non-hispanic
567,Male,25 to 34 Years,7,white,non-hispanic
568,Male,65 to 74 Years,6,white,non-hispanic
569,Female,35 to 44 Years,5,white,non-hispanic
570,Male,75 Years & Over,5,white,non-hispanic
571,Female,45 to 54 Years,3,white,non-hispanic
572,Female,25 to 34 Years,8,white,non-hispanic
573,Female,55 to 64 Years,2,white,non-hispanic
574,Male,18 to 24 Years,3,white,non-hispanic
575,Male,25 to 34 Years,6,white,non-hispanic
576,Nonbinary,25 to 34 Years,4,white,non-hispanic
577,Male,35 to 44 Years,4,white,non-hispanic
578,Female,35 to 44 Years,6,,non-hispanic
579,Female,25 to 34 Years,8,white,non-hispanic
580,Male,35 to 44 Years,8,white,non-hispanic
581,Female,25 to 34 Years,7,white,non-hispanic
582,Female,55 to 64 Years,6,white,non-hispanic
583,Female,18 to 24 Years,8,white,non-hispanic
584,Female,35 to 44 Years,4,white,non-hispanic
585,Female,45 to 54 Years,6,white,non-hispanic
586,Female,45 to 54 Years,5,,
587,Female,35 to 44 Years,6,white,non-hispanic
588,Female,55 to 64 Years,5,white,non-hispanic
589,Female,25 to 34 Years,8,asian,non-hispanic
590,Male,55 to 64 Years,2,,hispanic
591,Female,25 to 34 Years,7,asian,non-hispanic
592,Female,55 to 64 Years,6,white,non-hispanic
593,Female,25 to 34 Years,3,white,non-hispanic
594,Male,25 to 34 Years,6,white,non-hispanic
595,Female,25 to 34 Years,4,white,non-hispanic
596,Female,35 to 44 Years,8,two_or_more,non-hispanic
597,Male,25 to 34 Years,3,white,non-hispanic
598,Nonbinary,75 Years & Over,3,two_or_more,hispanic
599,Female,35 to 44 Years,5,other,non-hispanic
600,Female,35 to 44 Years,4,white,non-hispanic
601,Female,25 to 34 Years,6,white,non-hispanic
602,Female,25 to 34 Years,7,white,non-hispanic
603,Female,35 to 44 Years,8,white,non-hispanic
604,Male,18 to 24 Years,6,white,non-hispanic
605,Female,65 to 74 Years,6,white,non-hispanic
606,Female,45 to 54 Years,4,aa,non-hispanic
607,Male,55 to 64 Years,8,white,non-hispanic
608,Female,35 to 44 Years,7,two_or_more,non-hispanic
609,Female,55 to 64 Years,4,white,non-hispanic
610,Female,65 to 74 Years,3,white,non-hispanic
611,Male,45 to 54 Years,8,white,non-hispanic
612,Female,25 to 34 Years,6,white,non-hispanic
613,Male,25 to 34 Years,7,white,non-hispanic
614,Female,25 to 34 Years,5,white,non-hispanic
615,Female,55 to 64 Years,5,white,non-hispanic
616,Male,35 to 44 Years,6,white,non-hispanic
617,Male,35 to 44 Years,8,white,non-hispanic
618,Female,25 to 34 Years,8,white,non-hispanic
619,Female,35 to 44 Years,7,white,non-hispanic
620,Female,45 to 54 Years,7,white,non-hispanic
621,Female,65 to 74 Years,5,white,non-hispanic
622,Male,55 to 64 Years,8,white,non-hispanic
623,Male,35 to 44 Years,3,asian,non-hispanic
624,Male,55 to 64 Years,4,white,non-hispanic
625,Male,25 to 34 Years,6,white,non-hispanic
626,Male,25 to 34 Years,6,white,non-hispanic
627,Female,55 to 64 Years,8,white,non-hispanic
628,Male,65 to 74 Years,1,,
629,Male,25 to 34 Years,7,white,non-hispanic
630,Male,55 to 64 Years,8,white,non-hispanic
631,Female,75 Years & Over,4,white,non-hispanic
632,Male,55 to 64 Years,8,,hispanic
633,Male,65 to 74 Years,4,white,non-hispanic
634,Male,75 Years & Over,3,white,non-hispanic
635,Female,35 to 44 Years,2,aa,non-hispanic
636,Female,55 to 64 Years,4,white,non-hispanic
637,Male,25 to 34 Years,6,white,non-hispanic
638,Male,35 to 44 Years,2,,hispanic
639,Male,55 to 64 Years,7,,
640,Female,75 Years & Over,5,white,non-hispanic
641,Male,25 to 34 Years,6,asian,non-hispanic
642,Female,55 to 64 Years,3,white,non-hispanic
643,Male,25 to 34 Years,7,asian,non-hispanic
644,Male,35 to 44 Years,8,white,non-hispanic
645,Female,25 to 34 Years,8,asian,non-hispanic
646,Female,35 to 44 Years,4,white,non-hispanic
647,Male,45 to 54 Years,8,white,non-hispanic
648,Male,75 Years & Over,7,,hispanic
649,Female,25 to 34 Years,6,,hispanic
650,Male,25 to 34 Years,6,white,non-hispanic
651,Female,65 to 74 Years,4,white,non-hispanic
652,Female,75 Years & Over,3,white,non-hispanic
653,Female,35 to 44 Years,7,asian,non-hispanic
654,Female,75 Years & Over,6,white,non-hispanic
655,Female,65 to 74 Years,1,white,non-hispanic
656,Female,65 to 74 Years,4,white,non-hispanic
657,Female,35 to 44 Years,8,white,non-hispanic
658,Male,75 Years & Over,2,,hispanic
659,Male,35 to 44 Years,4,white,non-hispanic
660,Female,35 to 44 Years,5,white,non-hispanic
661,Male,35 to 44 Years,4,white,non-hispanic
662,Male,45 to 54 Years,7,white,non-hispanic
663,Male,25 to 34 Years,5,white,non-hispanic
664,Male,25 to 34 Years,3,white,non-hispanic
665,Female,75 Years & Over,1,white,non-hispanic
666,Female,25 to 34 Years,7,white,non-hispanic
667,Female,75 Years & Over,6,,
668,Male,75 Years & Over,6,white,non-hispanic
669,Female,75 Years & Over,4,,
670,Female,75 Years & Over,1,,
671,Female,25 to 34 Years,7,asian,non-hispanic
672,Female,65 to 74 Years,6,aa,non-hispanic
673,Female,25 to 34 Years,3,white,non-hispanic
674,Female,75 Years & Over,1,,
675,Male,25 to 34 Years,8,two_or_more,non-hispanic
676,Female,55 to 64 Years,1,white,non-hispanic
677,Female,75 Years & Over,2,white,non-hispanic
678,Male,45 to 54 Years,4,aa,non-hispanic
679,Male,35 to 44 Years,8,white,non-hispanic
680,Male,55 to 64 Years,6,white,non-hispanic
681,Female,35 to 44 Years,5,white,non-hispanic
682,Female,35 to 44 Years,7,white,non-hispanic
683,Male,55 to 64 Years,6,asian,non-hispanic
684,Female,75 Years & Over,3,,
685,Female,75 Years & Over,2,white,non-hispanic
686,Male,25 to 34 Years,5,white,non-hispanic
687,Female,25 to 34 Years,6,white,non-hispanic
688,Male,65 to 74 Years,3,asian,non-hispanic
689,Male,25 to 34 Years,6,white,non-hispanic
690,Female,25 to 34 Years,4,white,non-hispanic
691,Female,25 to 34 Years,8,white,non-hispanic
692,Female,18 to 24 Years,6,white,non-hispanic
693,Female,65 to 74 Years,2,,non-hispanic
694,Male,55 to 64 Years,6,white,non-hispanic
695,Female,45 to 54 Years,7,white,non-hispanic
696,Male,35 to 44 Years,4,aa,non-hispanic
697,Male,25 to 34 Years,6,white,non-hispanic
698,Female,35 to 44 Years,4,white,non-hispanic
699,Female,25 to 34 Years,4,white,non-hispanic
700,Male,75 Years & Over,5,white,non-hispanic
701,Female,65 to 74 Years,2,white,non-hispanic
702,Female,75 Years & Over,3,white,non-hispanic
703,Male,75 Years & Over,2,,
704,Female,35 to 44 Years,7,asian,non-hispanic
705,Female,35 to 44 Years,4,white,non-hispanic
706,Female,55 to 64 Years,5,white,non-hispanic
707,Male,55 to 64 Years,4,white,non-hispanic
708,Male,65 to 74 Years,4,white,non-hispanic
709,Female,65 to 74 Years,4,white,non-hispanic
710,Male,25 to 34 Years,5,white,non-hispanic
711,Male,55 to 64 Years,3,,hispanic
712,Female,35 to 44 Years,6,white,non-hispanic
713,Female,75 Years & Over,3,white,non-hispanic
714,Female,65 to 74 Years,5,white,non-hispanic
715,Male,55 to 64 Years,5,white,non-hispanic
716,Female,18 to 24 Years,3,white,non-hispanic
717,Female,25 to 34 Years,7,white,non-hispanic
718,Female,25 to 34 Years,6,asian,non-hispanic
719,Male,65 to 74 Years,5,white,non-hispanic
720,Female,55 to 64 Years,5,white,non-hispanic
721,Female,45 to 54 Years,4,white,non-hispanic
722,Female,45 to 54 Years,6,two_or_more,non-hispanic
723,Female,25 to 34 Years,6,white,non-hispanic
724,Male,18 to 24 Years,8,white,non-hispanic
725,Male,25 to 34 Years,6,white,non-hispanic
726,Female,25 to 34 Years,8,asian,non-hispanic
727,Female,25 to 34 Years,4,,
728,Female,65 to 74 Years,6,white,non-hispanic
729,Female,35 to 44 Years,2,white,non-hispanic
730,Male,35 to 44 Years,8,white,non-hispanic
731,Male,75 Years & Over,1,white,non-hispanic
732,Female,25 to 34 Years,6,white,non-hispanic
733,Female,65 to 74 Years,2,white,non-hispanic
734,Female,65 to 74 Years,2,,hispanic
735,Female,25 to 34 Years,4,white,non-hispanic
736,Female,45 to 54 Years,4,white,non-hispanic
737,Male,25 to 34 Years,6,white,non-hispanic
738,Female,55 to 64 Years,8,white,non-hispanic
739,Female,45 to 54 Years,6,white,non-hispanic
740,Female,18 to 24 Years,4,asian,non-hispanic
741,Female,35 to 44 Years,8,white,non-hispanic
742,Male,35 to 44 Years,4,white,non-hispanic
743,Female,65 to 74 Years,4,white,non-hispanic
744,Female,25 to 34 Years,7,white,non-hispanic
745,Male,65 to 74 Years,3,white,non-hispanic
746,Male,35 to 44 Years,8,white,non-hispanic
747,Male,35 to 44 Years,6,white,non-hispanic
748,Female,55 to 64 Years,5,white,non-hispanic
749,Male,55 to 64 Years,4,,hispanic
750,Male,45 to 54 Years,4,white,hispanic
751,Female,75 Years & Over,3,white,non-hispanic
752,Female,45 to 54 Years,5,white,non-hispanic
753,Female,65 to 74 Years,2,aa,non-hispanic
754,Male,55 to 64 Years,2,,hispanic
755,Female,75 Years & Over,3,white,non-hispanic
756,Male,25 to 34 Years,6,white,non-hispanic
757,Male,35 to 44 Years,7,white,non-hispanic
758,Male,55 to 64 Years,6,white,non-hispanic
759,Female,25 to 34 Years,6,white,non-hispanic
760,Female,25 to 34 Years,4,white,non-hispanic
761,Female,18 to 24 Years,6,white,non-hispanic
762,Male,25 to 34 Years,6,white,non-hispanic
763,Male,75 Years & Over,4,,
764,Female,25 to 34 Years,7,white,non-hispanic
765,Male,25 to 34 Years,8,white,non-hispanic
766,Female,25 to 34 Years,3,aa,non-hispanic
767,Female,25 to 34 Years,8,white,non-hispanic
768,Female,55 to 64 Years,7,white,non-hispanic
769,Male,45 to 54 Years,5,white,non-hispanic
770,Female,75 Years & Over,6,white,non-hispanic
771,Female,55 to 64 Years,4,white,non-hispanic
772,Female,35 to 44 Years,7,white,non-hispanic
773,Female,45 to 54 Years,3,white,non-hispanic
774,Female,25 to 34 Years,5,white,non-hispanic
775,Female,75 Years & Over,2,white,non-hispanic
776,Female,18 to 24 Years,1,white,non-hispanic
777,Female,25 to 34 Years,5,white,non-hispanic
778,Female,25 to 34 Years,3,white,non-hispanic
779,Female,55 to 64 Years,7,white,non-hispanic
780,Male,45 to 54 Years,7,white,non-hispanic
781,Female,25 to 34 Years,7,asian,non-hispanic
782,Female,75 Years & Over,8,white,non-hispanic
783,Male,25 to 34 Years,4,,hispanic
784,Female,65 to 74 Years,4,white,non-hispanic
785,Male,35 to 44 Years,5,white,non-hispanic
786,Female,45 to 54 Years,8,white,non-hispanic
787,Female,65 to 74 Years,3,white,non-hispanic
788,Female,25 to 34 Years,5,asian,non-hispanic
789,Male,65 to 74 Years,3,white,non-hispanic
790,Female,25 to 34 Years,7,white,non-hispanic
791,Female,55 to 64 Years,1,,
792,Female,35 to 44 Years,7,aa,non-hispanic
793,Female,45 to 54 Years,7,white,non-hispanic
794,Male,25 to 34 Years,4,white,non-hispanic
795,Female,35 to 44 Years,6,white,non-hispanic
796,Male,35 to 44 Years,7,white,non-hispanic
797,Female,55 to 64 Years,2,aa,non-hispanic
798,Female,55 to 64 Years,1,white,non-hispanic
799,Male,55 to 64 Years,1,,non-hispanic
800,Male,35 to 44 Years,6,white,non-hispanic
801,Female,18 to 24 Years,7,white,non-hispanic
802,Male,75 Years & Over,7,white,non-hispanic
803,Female,55 to 64 Years,8,white,non-hispanic
804,Male,25 to 34 Years,6,asian,non-hispanic
805,Male,25 to 34 Years,6,other,non-hispanic
806,Female,35 to 44 Years,7,white,non-hispanic
807,Male,35 to 44 Years,7,white,non-hispanic
808,Male,75 Years & Over,3,white,non-hispanic
809,Male,25 to 34 Years,3,white,non-hispanic
810,Female,45 to 54 Years,8,white,non-hispanic
811,Male,45 to 54 Years,8,white,non-hispanic
812,Female,25 to 34 Years,8,white,non-hispanic
813,Female,25 to 34 Years,4,white,non-hispanic
814,Female,45 to 54 Years,6,white,non-hispanic
815,Male,18 to 24 Years,4,white,non-hispanic
816,Female,25 to 34 Years,6,white,non-hispanic
817,Male,25 to 34 Years,2,white,non-hispanic
818,Female,25 to 34 Years,3,white,non-hispanic
819,Male,25 to 34 Years,7,white,non-hispanic
820,Male,55 to 64 Years,2,,hispanic
821,Female,65 to 74 Years,6,white,non-hispanic
822,Male,25 to 34 Years,8,white,non-hispanic
823,Female,25 to 34 Years,3,white,non-hispanic
824,Female,35 to 44 Years,7,asian,non-hispanic
825,Female,25 to 34 Years,4,white,non-hispanic
826,Male,35 to 44 Years,5,aa,non-hispanic
827,Female,65 to 74 Years,8,white,non-hispanic
828,Female,65 to 74 Years,6,white,non-hispanic
829,Male,55 to 64 Years,6,white,non-hispanic
830,Female,35 to 44 Years,6,white,non-hispanic
831,Male,45 to 54 Years,6,,hispanic
832,Male,25 to 34 Years,5,white,non-hispanic
833,Male,45 to 54 Years,3,two_or_more,non-hispanic
834,Female,45 to 54 Years,5,,hispanic
835,Female,65 to 74 Years,6,white,non-hispanic
836,Male,25 to 34 Years,6,white,non-hispanic
837,Male,65 to 74 Years,3,white,non-hispanic
838,Female,75 Years & Over,6,,
839,Female,25 to 34 Years,4,white,non-hispanic
840,Male,25 to 34 Years,7,,hispanic
841,Male,25 to 34 Years,7,white,non-hispanic
842,Female,75 Years & Over,1,white,non-hispanic
843,Female,35 to 44 Years,8,white,non-hispanic
844,Female,35 to 44 Years,8,white,non-hispanic
845,Female,25 to 34 Years,6,white,non-hispanic
846,Male,55 to 64 Years,1,white,non-hispanic
847,Male,55 to 64 Years,1,white,non-hispanic
848,Male,55 to 64 Years,6,aa,non-hispanic
849,Female,75 Years & Over,3,white,non-hispanic
850,Male,55 to 64 Years,5,white,non-hispanic
851,Female,45 to 54 Years,8,white,non-hispanic
852,Female,18 to 24 Years,4,asian,non-hispanic
853,Male,25 to 34 Years,8,white,non-hispanic
854,Male,35 to 44 Years,8,white,non-hispanic
855,Male,55 to 64 Years,5,white,non-hispanic
856,Male,65 to 74 Years,7,white,non-hispanic
857,Male,65 to 74 Years,5,aa,non-hispanic
858,Female,65 to 74 Years,3,white,non-hispanic
859,Female,55 to 64 Years,4,white,non-hispanic
860,Female,55 to 64 Years,4,white,non-hispanic
861,Female,35 to 44 Years,8,white,non-hispanic
862,Male,55 to 64 Years,6,white,non-hispanic
863,Female,25 to 34 Years,4,white,non-hispanic
864,Female,45 to 54 Years,8,white,non-hispanic
865,Female,65 to 74 Years,4,white,non-hispanic
866,Female,55 to 64 Years,4,white,non-hispanic
867,Male,55 to 64 Years,2,white,non-hispanic
868,Female,45 to 54 Years,6,white,non-hispanic
869,Male,25 to 34 Years,6,white,non-hispanic
870,Male,35 to 44 Years,8,,
871,Female,25 to 34 Years,8,white,non-hispanic
872,Male,35 to 44 Years,1,white,non-hispanic
873,Female,25 to 34 Years,7,white,non-hispanic
874,Female,55 to 64 Years,2,,
875,Female,65 to 74 Years,6,white,non-hispanic
876,Female,75 Years & Over,6,white,non-hispanic
877,Male,45 to 54 Years,3,other,non-hispanic
878,Female,35 to 44 Years,8,white,non-hispanic
879,Female,25 to 34 Years,2,,
880,Female,25 to 34 Years,4,white,non-hispanic
881,Female,45 to 54 Years,6,white,non-hispanic
882,Female,18 to 24 Years,4,white,non-hispanic
883,Male,35 to 44 Years,5,,hispanic
884,Female,25 to 34 Years,7,white,non-hispanic
885,Female,55 to 64 Years,8,white,non-hispanic
886,Female,25 to 34 Years,6,white,non-hispanic
887,Female,55 to 64 Years,5,white,non-hispanic
888,Female,55 to 64 Years,5,white,non-hispanic
889,Male,35 to 44 Years,4,white,non-hispanic
890,Female,35 to 44 Years,6,white,non-hispanic
891,Male,65 to 74 Years,5,white,non-hispanic
892,Female,25 to 34 Years,8,white,non-hispanic
893,Male,75 Years & Over,4,asian,non-hispanic
894,Female,35 to 44 Years,6,white,non-hispanic
895,Female,35 to 44 Years,6,white,non-hispanic
896,Female,75 Years & Over,2,white,non-hispanic
897,Male,25 to 34 Years,4,asian,non-hispanic
898,Female,25 to 34 Years,5,white,non-hispanic
899,Male,45 to 54 Years,8,white,non-hispanic
900,Female,65 to 74 Years,1,,hispanic
901,Female,25 to 34 Years,4,white,non-hispanic
902,Female,25 to 34 Years,4,white,non-hispanic
903,Male,35 to 44 Years,6,white,non-hispanic
904,Male,35 to 44 Years,8,white,non-hispanic
905,Female,25 to 34 Years,6,white,non-hispanic
906,Male,65 to 74 Years,2,,hispanic
907,Male,35 to 44 Years,8,white,non-hispanic
908,Female,75 Years & Over,6,white,non-hispanic
909,Male,25 to 34 Years,7,white,non-hispanic
910,Male,25 to 34 Years,6,white,non-hispanic
911,Female,25 to 34 Years,5,white,non-hispanic
912,Male,45 to 54 Years,7,two_or_more,non-hispanic
913,Male,35 to 44 Years,4,white,non-hispanic
914,Female,45 to 54 Years,3,white,non-hispanic
915,Female,45 to 54 Years,7,white,non-hispanic
916,Male,55 to 64 Years,3,white,non-hispanic
917,Female,25 to 34 Years,6,white,non-hispanic
918,Male,25 to 34 Years,4,white,non-hispanic
919,Male,35 to 44 Years,8,white,non-hispanic
920,Female,25 to 34 Years,6,white,non-hispanic
921,Female,25 to 34 Years,1,white,non-hispanic
922,Female,75 Years & Over,1,aa,non-hispanic
923,Female,45 to 54 Years,7,white,non-hispanic
924,Female,35 to 44 Years,7,asian,non-hispanic
925,Female,25 to 34 Years,6,white,non-hispanic
926,Female,25 to 34 Years,4,white,non-hispanic
927,Female,25 to 34 Years,6,white,non-hispanic
928,Female,35 to 44 Years,4,white,non-hispanic
929,Female,45 to 54 Years,4,white,non-hispanic
930,Female,35 to 44 Years,5,,hispanic
931,Male,45 to 54 Years,8,,
932,Female,75 Years & Over,1,,non-hispanic
933,Female,75 Years & Over,3,white,non-hispanic
934,Male,35 to 44 Years,4,asian,non-hispanic
935,Female,75 Years & Over,6,,
936,Female,25 to 34 Years,4,,
937,Female,35 to 44 Years,6,white,non-hispanic
938,Female,25 to 34 Years,5,white,non-hispanic
939,Female,25 to 34 Years,4,white,non-hispanic
940,Female,25 to 34 Years,6,white,non-hispanic
941,Female,35 to 44 Years,7,white,non-hispanic
942,Male,75 Years & Over,2,white,non-hispanic
943,Female,25 to 34 Years,4,,
944,Female,35 to 44 Years,3,,hispanic
945,Female,75 Years & Over,6,,
946,Female,35 to 44 Years,8,white,non-hispanic
947,Female,25 to 34 Years,4,white,non-hispanic
948,Female,25 to 34 Years,7,white,non-hispanic
949,Female,25 to 34 Years,7,white,non-hispanic
950,Female,35 to 44 Years,8,white,non-hispanic
951,Female,65 to 74 Years,4,white,non-hispanic
952,Male,35 to 44 Years,4,white,non-hispanic
953,Male,18 to 24 Years,6,white,non-hispanic
954,Female,65 to 74 Years,4,white,non-hispanic
955,Male,35 to 44 Years,7,asian,non-hispanic
956,Male,35 to 44 Years,7,asian,non-hispanic
957,Female,65 to 74 Years,4,white,non-hispanic
958,Male,25 to 34 Years,8,white,non-hispanic
959,Female,25 to 34 Years,4,white,non-hispanic
960,Female,65 to 74 Years,7,white,non-hispanic
961,Female,25 to 34 Years,3,white,non-hispanic
962,Female,55 to 64 Years,1,white,non-hispanic
963,Female,55 to 64 Years,5,white,non-hispanic
964,Female,35 to 44 Years,3,white,non-hispanic
965,Female,65 to 74 Years,4,white,non-hispanic
966,Female,75 Years & Over,1,white,non-hispanic
967,Female,65 to 74 Years,5,white,non-hispanic
968,Female,45 to 54 Years,8,,
969,Female,55 to 64 Years,3,white,non-hispanic
970,Female,25 to 34 Years,4,,hispanic
971,Male,65 to 74 Years,6,white,non-hispanic
972,Female,25 to 34 Years,8,white,non-hispanic
973,Male,75 Years & Over,2,white,non-hispanic
974,Male,45 to 54 Years,5,white,non-hispanic
975,Female,25 to 34 Years,6,white,non-hispanic
976,Male,55 to 64 Years,4,white,non-hispanic
977,Female,65 to 74 Years,7,white,non-hispanic
978,Female,25 to 34 Years,7,white,non-hispanic
979,Female,45 to 54 Years,8,white,non-hispanic
980,Female,55 to 64 Years,3,white,non-hispanic
981,Female,75 Years & Over,7,,
982,Female,75 Years & Over,4,,
983,Female,75 Years & Over,3,aa,non-hispanic
984,Female,65 to 74 Years,7,white,non-hispanic
985,Male,25 to 34 Years,4,white,non-hispanic
986,Female,55 to 64 Years,1,,hispanic
987,Female,55 to 64 Years,6,white,non-hispanic
988,Female,65 to 74 Years,2,white,non-hispanic
989,Male,55 to 64 Years,5,white,non-hispanic
990,Male,25 to 34 Years,5,white,non-hispanic
991,Female,35 to 44 Years,2,white,non-hispanic
992,Female,35 to 44 Years,2,,non-hispanic
993,Male,35 to 44 Years,4,,
994,Male,65 to 74 Years,4,white,non-hispanic
995,Male,65 to 74 Years,5,white,non-hispanic
996,Female,25 to 34 Years,3,white,non-hispanic
997,Male,25 to 34 Years,3,white,non-hispanic
998,Female,25 to 34 Years,4,white,non-hispanic
999,Male,55 to 64 Years,2,white,non-hispanic
1000,Female,55 to 64 Years,8,white,non-hispanic
1001,Male,25 to 34 Years,8,white,non-hispanic
1002,Male,25 to 34 Years,6,white,non-hispanic
1003,Female,65 to 74 Years,3,aa,non-hispanic
1004,Male,25 to 34 Years,6,white,non-hispanic
1005,Female,35 to 44 Years,5,white,non-hispanic
1006,Female,25 to 34 Years,7,white,non-hispanic
1007,Female,35 to 44 Years,8,white,non-hispanic
1008,Female,75 Years & Over,8,,
1009,Female,75 Years & Over,4,,
1010,Female,45 to 54 Years,1,,non-hispanic
1011,Female,45 to 54 Years,1,,non-hispanic
1012,Male,45 to 54 Years,6,white,non-hispanic
1013,Female,35 to 44 Years,6,white,non-hispanic
1014,Female,45 to 54 Years,7,white,non-hispanic
1015,Female,45 to 54 Years,5,white,non-hispanic
1016,Female,65 to 74 Years,6,,
1017,Female,75 Years & Over,1,,
1018,Female,55 to 64 Years,3,white,non-hispanic
1019,Male,75 Years & Over,6,,
1020,Female,55 to 64 Years,1,asian,non-hispanic
1021,Female,65 to 74 Years,6,white,non-hispanic
1022,Female,65 to 74 Years,5,white,non-hispanic
1023,Female,25 to 34 Years,8,white,non-hispanic
1024,Nonbinary,75 Years & Over,4,white,non-hispanic
1025,Male,25 to 34 Years,6,,hispanic
1026,Female,35 to 44 Years,6,white,non-hispanic
1027,Male,25 to 34 Years,8,white,non-hispanic
1028,Female,55 to 64 Years,3,white,non-hispanic
1029,Female,75 Years & Over,1,white,non-hispanic
1030,Female,55 to 64 Years,4,white,non-hispanic
1031,Female,25 to 34 Years,4,white,non-hispanic
1032,Female,25 to 34 Years,5,asian,non-hispanic
1033,Male,25 to 34 Years,4,white,non-hispanic
1034,Female,55 to 64 Years,5,white,non-hispanic
1035,Female,45 to 54 Years,5,white,non-hispanic
1036,Male,18 to 24 Years,5,white,non-hispanic
1037,Male,25 to 34 Years,5,white,non-hispanic
1038,Female,55 to 64 Years,4,white,non-hispanic
1039,Female,25 to 34 Years,5,asian,non-hispanic
1040,Female,25 to 34 Years,4,other,non-hispanic
1041,Female,35 to 44 Years,8,white,non-hispanic
1042,Male,25 to 34 Years,8,white,non-hispanic
1043,Female,45 to 54 Years,4,white,non-hispanic
1044,Male,25 to 34 Years,8,white,non-hispanic
1045,Male,55 to 64 Years,4,white,non-hispanic
1046,Male,25 to 34 Years,8,white,non-hispanic
1047,Male,35 to 44 Years,8,white,non-hispanic
1048,Male,45 to 54 Years,6,,non-hispanic
1049,Female,25 to 34 Years,5,white,non-hispanic
1050,Female,45 to 54 Years,8,white,non-hispanic
1051,Male,55 to 64 Years,7,white,non-hispanic
1052,Female,55 to 64 Years,8,white,non-hispanic
1053,Male,65 to 74 Years,3,white,non-hispanic
1054,Female,35 to 44 Years,5,white,non-hispanic
1055,Male,65 to 74 Years,7,white,non-hispanic
1056,Female,45 to 54 Years,6,white,non-hispanic
1057,Male,25 to 34 Years,7,white,non-hispanic
1058,Female,75 Years & Over,5,,
1059,Male,25 to 34 Years,5,white,non-hispanic
1060,Nonbinary,18 to 24 Years,3,white,non-hispanic
1061,Female,55 to 64 Years,4,white,non-hispanic
1062,Male,25 to 34 Years,7,aa,non-hispanic
1063,Male,35 to 44 Years,6,white,non-hispanic
1064,Female,25 to 34 Years,6,two_or_more,non-hispanic
1065,Female,45 to 54 Years,7,white,non-hispanic
1066,Female,35 to 44 Years,7,white,non-hispanic
1067,Male,55 to 64 Years,7,white,non-hispanic
1068,Female,25 to 34 Years,7,white,non-hispanic
1069,Male,45 to 54 Years,6,white,non-hispanic
1070,Female,25 to 34 Years,5,aa,non-hispanic
1071,Female,35 to 44 Years,5,white,non-hispanic
1072,Female,75 Years & Over,3,white,non-hispanic
1073,Female,35 to 44 Years,8,,hispanic
1074,Male,25 to 34 Years,8,white,non-hispanic
1075,Female,75 Years & Over,8,,
1076,Male,35 to 44 Years,7,white,non-hispanic
1077,Male,35 to 44 Years,8,asian,non-hispanic
1078,Male,25 to 34 Years,7,white,non-hispanic
1079,Male,55 to 64 Years,5,other,non-hispanic
1080,Female,25 to 34 Years,3,two_or_more,non-hispanic
1081,Female,75 Years & Over,8,white,non-hispanic
1082,Male,55 to 64 Years,8,,non-hispanic
1083,Female,75 Years & Over,1,,hispanic
1084,Female,65 to 74 Years,2,white,non-hispanic
1085,Male,65 to 74 Years,5,white,non-hispanic
1086,Male,25 to 34 Years,6,white,non-hispanic
1087,Male,25 to 34 Years,3,white,non-hispanic
1088,Male,75 Years & Over,4,white,non-hispanic
1089,Female,25 to 34 Years,5,white,non-hispanic
1090,Female,25 to 34 Years,6,white,non-hispanic
1091,Female,55 to 64 Years,3,aa,non-hispanic
1092,Female,45 to 54 Years,8,two_or_more,non-hispanic
1093,Male,25 to 34 Years,6,white,non-hispanic
1094,Female,35 to 44 Years,5,white,non-hispanic
1095,Male,25 to 34 Years,5,white,non-hispanic
1096,Female,35 to 44 Years,8,white,non-hispanic
1097,Female,35 to 44 Years,8,asian,non-hispanic
1098,Female,55 to 64 Years,5,white,non-hispanic
1099,Male,75 Years & Over,5,,
1100,Female,55 to 64 Years,3,asian,non-hispanic
1101,Male,45 to 54 Years,6,white,non-hispanic
1102,Male,25 to 34 Years,8,white,non-hispanic
1103,Male,25 to 34 Years,7,white,non-hispanic
1104,Male,25 to 34 Years,3,white,non-hispanic
1105,Male,65 to 74 Years,6,white,non-hispanic
1106,Female,55 to 64 Years,7,white,non-hispanic
1107,Female,45 to 54 Years,5,white,non-hispanic
1108,Female,35 to 44 Years,6,white,non-hispanic
1109,Female,25 to 34 Years,7,white,non-hispanic
1110,Male,35 to 44 Years,8,asian,non-hispanic
1111,Male,75 Years & Over,4,white,non-hispanic
1112,Male,75 Years & Over,2,aa,non-hispanic
1113,Male,25 to 34 Years,4,white,non-hispanic
1114,Male,75 Years & Over,5,,
1115,Female,35 to 44 Years,7,white,non-hispanic
1116,Male,75 Years & Over,8,,
1117,Female,65 to 74 Years,5,white,non-hispanic
1118,Male,45 to 54 Years,7,white,non-hispanic
1119,Male,25 to 34 Years,4,white,non-hispanic
1120,Male,65 to 74 Years,7,white,non-hispanic
1121,Male,75 Years & Over,2,white,non-hispanic
1122,Female,35 to 44 Years,5,white,non-hispanic
1123,Female,35 to 44 Years,5,white,non-hispanic
1124,Male,35 to 44 Years,5,white,non-hispanic
1125,Female,25 to 34 Years,4,white,non-hispanic
1126,Female,25 to 34 Years,6,white,non-hispanic
1127,Male,25 to 34 Years,5,white,non-hispanic
1128,Female,18 to 24 Years,4,white,non-hispanic
1129,Female,25 to 34 Years,8,two_or_more,non-hispanic
1130,Male,25 to 34 Years,7,white,non-hispanic
1131,Female,45 to 54 Years,8,white,non-hispanic
1132,Female,45 to 54 Years,8,white,non-hispanic
1133,Female,35 to 44 Years,5,white,non-hispanic
1134,Male,65 to 74 Years,7,white,non-hispanic
1135,Female,65 to 74 Years,4,white,non-hispanic
1136,Male,35 to 44 Years,6,white,non-hispanic
1137,Female,25 to 34 Years,3,white,non-hispanic
1138,Female,35 to 44 Years,5,white,non-hispanic
1139,Male,18 to 24 Years,1,asian,non-hispanic
1140,Female,45 to 54 Years,6,white,non-hispanic
1141,Female,35 to 44 Years,6,asian,non-hispanic
1142,Male,55 to 64 Years,4,asian,non-hispanic
1143,Female,65 to 74 Years,3,white,non-hispanic
1144,Female,35 to 44 Years,6,white,non-hispanic
1145,Female,25 to 34 Years,6,,
1146,Male,55 to 64 Years,4,white,non-hispanic
1147,Female,65 to 74 Years,6,white,non-hispanic
1148,Female,25 to 34 Years,5,asian,non-hispanic
1149,Female,25 to 34 Years,7,white,non-hispanic
1150,Female,25 to 34 Years,6,white,non-hispanic
1151,Male,25 to 34 Years,7,white,non-hispanic
1152,Female,75 Years & Over,3,white,non-hispanic
1153,Male,25 to 34 Years,3,white,non-hispanic
1154,Female,25 to 34 Years,7,white,non-hispanic
1155,Male,55 to 64 Years,5,white,non-hispanic
1156,Female,35 to 44 Years,6,white,non-hispanic
1157,Male,35 to 44 Years,5,white,non-hispanic
1158,Female,25 to 34 Years,4,two_or_more,non-hispanic
1159,Male,75 Years & Over,4,white,non-hispanic
1160,Female,35 to 44 Years,7,,hispanic
1161,Male,35 to 44 Years,5,white,non-hispanic
1162,Male,25 to 34 Years,6,white,non-hispanic
1163,Male,35 to 44 Years,8,white,non-hispanic
1164,Female,75 Years & Over,5,white,non-hispanic
1165,Female,25 to 34 Years,3,asian,non-hispanic
1166,Female,45 to 54 Years,3,white,non-hispanic
1167,Female,25 to 34 Years,4,white,non-hispanic
1168,Male,45 to 54 Years,7,white,non-hispanic
1169,Female,75 Years & Over,3,white,non-hispanic
1170,Female,65 to 74 Years,6,white,non-hispanic
1171,Female,45 to 54 Years,6,white,non-hispanic
1172,Female,45 to 54 Years,6,white,non-hispanic
1173,Male,25 to 34 Years,7,two_or_more,non-hispanic
1174,Female,25 to 34 Years,7,white,non-hispanic
1175,Male,75 Years & Over,8,,
1176,Female,35 to 44 Years,6,white,non-hispanic
1177,Female,65 to 74 Years,1,,
1178,Male,35 to 44 Years,8,white,non-hispanic
1179,Female,65 to 74 Years,5,white,non-hispanic
1180,Male,55 to 64 Years,4,white,non-hispanic
1181,Male,75 Years & Over,1,white,non-hispanic
1182,Female,35 to 44 Years,6,white,non-hispanic
1183,Female,25 to 34 Years,4,white,non-hispanic
1184,Female,35 to 44 Years,5,white,non-hispanic
1185,Female,25 to 34 Years,5,white,non-hispanic
1186,Male,65 to 74 Years,5,white,non-hispanic
1187,Male,65 to 74 Years,5,white,non-hispanic
1188,Female,55 to 64 Years,4,white,non-hispanic
1189,Female,35 to 44 Years,2,asian,non-hispanic
1190,Male,25 to 34 Years,7,white,non-hispanic
1191,Female,25 to 34 Years,5,white,non-hispanic
1192,Female,25 to 34 Years,3,white,non-hispanic
1193,Male,35 to 44 Years,6,white,non-hispanic
1194,Female,18 to 24 Years,5,white,non-hispanic
1195,Nonbinary,25 to 34 Years,3,white,non-hispanic
1196,Female,75 Years & Over,8,white,non-hispanic
1197,Female,75 Years & Over,1,white,non-hispanic
1198,Female,45 to 54 Years,5,white,non-hispanic
1199,Female,55 to 64 Years,3,white,non-hispanic
1200,Female,35 to 44 Years,6,,hispanic
1201,Male,35 to 44 Years,6,white,non-hispanic
1202,Female,18 to 24 Years,6,,
1203,Female,35 to 44 Years,5,asian,non-hispanic
1204,Female,25 to 34 Years,4,white,non-hispanic
1205,Male,55 to 64 Years,7,white,non-hispanic
1206,Male,45 to 54 Years,6,white,non-hispanic
1207,Male,55 to 64 Years,5,two_or_more,non-hispanic
1208,Female,25 to 34 Years,4,white,non-hispanic
1209,Male,55 to 64 Years,3,white,non-hispanic
1210,Female,75 Years & Over,4,white,non-hispanic
1211,Male,18 to 24 Years,6,white,non-hispanic
1212,Male,18 to 24 Years,2,white,non-hispanic
1213,Male,45 to 54 Years,3,aa,non-hispanic
1214,Female,25 to 34 Years,5,white,non-hispanic
1215,Female,25 to 34 Years,6,white,non-hispanic
1216,Female,35 to 44 Years,8,white,non-hispanic
1217,Male,25 to 34 Years,4,white,non-hispanic
1218,Female,75 Years & Over,5,white,non-hispanic
1219,Female,35 to 44 Years,6,white,non-hispanic
1220,Female,65 to 74 Years,6,asian,non-hispanic
1221,Female,35 to 44 Years,8,white,non-hispanic
1222,Female,75 Years & Over,8,white,non-hispanic
1223,Female,25 to 34 Years,5,white,non-hispanic
1224,Female,35 to 44 Years,8,white,non-hispanic
1225,Female,35 to 44 Years,8,white,non-hispanic
1226,Female,18 to 24 Years,3,white,non-hispanic
1227,Female,45 to 54 Years,8,white,non-hispanic
1228,Female,25 to 34 Years,5,white,non-hispanic
1229,Female,35 to 44 Years,5,two_or_more,non-hispanic
1230,Female,45 to 54 Years,8,white,non-hispanic
1231,Female,65 to 74 Years,2,,
1232,Female,65 to 74 Years,4,white,non-hispanic
1233,Male,45 to 54 Years,8,white,non-hispanic
1234,Male,45 to 54 Years,7,white,non-hispanic
1235,Female,35 to 44 Years,3,asian,non-hispanic
1236,Female,35 to 44 Years,6,white,non-hispanic
1237,Male,35 to 44 Years,3,white,non-hispanic
1238,Male,25 to 34 Years,7,white,non-hispanic
1239,Male,75 Years & Over,4,white,non-hispanic
1240,Female,25 to 34 Years,5,white,non-hispanic
1241,Male,25 to 34 Years,5,white,non-hispanic
1242,Female,55 to 64 Years,4,white,non-hispanic
1243,Female,25 to 34 Years,5,white,non-hispanic
1244,Female,45 to 54 Years,8,two_or_more,non-hispanic
1245,Male,65 to 74 Years,3,white,non-hispanic
1246,Male,25 to 34 Years,6,white,non-hispanic
1247,Male,75 Years & Over,1,,hispanic
1248,Female,35 to 44 Years,6,white,non-hispanic
1249,Female,35 to 44 Years,5,white,non-hispanic
1250,Male,75 Years & Over,2,white,non-hispanic
1251,Female,35 to 44 Years,8,white,non-hispanic
1252,Female,35 to 44 Years,7,white,non-hispanic
1253,Female,35 to 44 Years,7,white,non-hispanic
1254,Male,25 to 34 Years,8,white,non-hispanic
1255,Female,75 Years & Over,5,white,non-hispanic
1256,Female,35 to 44 Years,7,,
1257,Male,65 to 74 Years,5,white,non-hispanic
1258,Female,35 to 44 Years,5,aa,non-hispanic
1259,Female,25 to 34 Years,5,white,non-hispanic
1260,Female,18 to 24 Years,6,white,non-hispanic
1261,Female,35 to 44 Years,3,white,non-hispanic
1262,Female,35 to 44 Years,7,white,non-hispanic
1263,Female,35 to 44 Years,6,white,non-hispanic
1264,Male,25 to 34 Years,8,white,non-hispanic
1265,Female,25 to 34 Years,4,white,non-hispanic
1266,Female,75 Years & Over,2,white,non-hispanic
1267,Male,65 to 74 Years,1,white,non-hispanic
1268,Nonbinary,25 to 34 Years,2,white,non-hispanic
1269,Male,75 Years & Over,2,white,non-hispanic
1270,Female,35 to 44 Years,6,white,non-hispanic
1271,Male,45 to 54 Years,7,white,non-hispanic
1272,Female,55 to 64 Years,2,,non-hispanic
1273,Female,75 Years & Over,6,white,non-hispanic
1274,Female,25 to 34 Years,8,white,non-hispanic
1275,Male,25 to 34 Years,7,white,non-hispanic
1276,Female,25 to 34 Years,3,white,non-hispanic
1277,Male,35 to 44 Years,8,white,non-hispanic
1278,Male,55 to 64 Years,5,white,non-hispanic
1279,Male,25 to 34 Years,8,white,non-hispanic
1280,Female,45 to 54 Years,7,,
1281,Male,75 Years & Over,5,,
1282,Female,35 to 44 Years,6,other,non-hispanic
1283,Male,35 to 44 Years,5,white,non-hispanic
1284,Female,25 to 34 Years,6,white,non-hispanic
1285,Female,25 to 34 Years,8,asian,non-hispanic
1286,Female,55 to 64 Years,5,,
1287,Male,35 to 44 Years,7,white,non-hispanic
1288,Male,45 to 54 Years,4,white,hispanic
1289,Female,75 Years & Over,8,,
1290,Female,75 Years & Over,2,white,non-hispanic
1291,Male,35 to 44 Years,6,white,non-hispanic
1292,Female,55 to 64 Years,7,white,non-hispanic
1293,Female,75 Years & Over,2,white,non-hispanic
1294,Male,35 to 44 Years,6,white,non-hispanic
1295,Female,25 to 34 Years,5,white,non-hispanic
1296,Nonbinary,25 to 34 Years,7,white,non-hispanic
1297,Female,55 to 64 Years,6,white,non-hispanic
1298,Male,65 to 74 Years,3,white,non-hispanic
1299,Female,75 Years & Over,1,white,non-hispanic
1300,Male,65 to 74 Years,4,,hispanic
1301,Male,25 to 34 Years,7,white,non-hispanic
1302,Male,65 to 74 Years,5,white,non-hispanic
1303,Female,18 to 24 Years,4,white,non-hispanic
1304,Male,65 to 74 Years,5,white,non-hispanic
1305,Female,35 to 44 Years,8,white,non-hispanic
1306,Female,18 to 24 Years,7,white,non-hispanic
1307,Female,25 to 34 Years,6,white,non-hispanic
1308,Female,25 to 34 Years,7,white,non-hispanic
1309,Female,55 to 64 Years,1,white,non-hispanic
1310,Female,45 to 54 Years,4,white,non-hispanic
1311,Female,45 to 54 Years,3,white,hispanic
1312,Male,75 Years & Over,2,white,non-hispanic
1313,Female,35 to 44 Years,1,,hispanic
1314,Male,75 Years & Over,7,,
1315,Male,18 to 24 Years,2,asian,non-hispanic
1316,Female,35 to 44 Years,7,white,non-hispanic
1317,Female,65 to 74 Years,4,white,non-hispanic
1318,Male,35 to 44 Years,6,white,non-hispanic
1319,Female,25 to 34 Years,8,white,non-hispanic
1320,Female,75 Years & Over,5,asian,non-hispanic
1321,Female,25 to 34 Years,6,white,non-hispanic
1322,Male,25 to 34 Years,4,white,non-hispanic
1323,Female,25 to 34 Years,3,white,non-hispanic
1324,Female,55 to 64 Years,4,white,non-hispanic
1325,Female,25 to 34 Years,7,white,non-hispanic
1326,Male,25 to 34 Years,3,white,non-hispanic
1327,Female,35 to 44 Years,8,white,non-hispanic
1328,Female,75 Years & Over,2,,
1329,Female,55 to 64 Years,1,,hispanic
1330,Female,25 to 34 Years,6,white,non-hispanic
1331,Female,45 to 54 Years,3,white,non-hispanic
1332,Female,55 to 64 Years,3,,non-hispanic
1333,Female,55 to 64 Years,6,white,non-hispanic
1334,Male,65 to 74 Years,8,white,non-hispanic
1335,Male,25 to 34 Years,5,white,non-hispanic
1336,Male,45 to 54 Years,3,white,non-hispanic
1337,Female,25 to 34 Years,6,white,non-hispanic
1338,Male,18 to 24 Years,8,white,non-hispanic
1339,Female,25 to 34 Years,4,white,non-hispanic
1340,Female,25 to 34 Years,4,white,non-hispanic
1341,Female,25 to 34 Years,6,white,non-hispanic
1342,Male,75 Years & Over,6,white,non-hispanic
1343,Male,35 to 44 Years,4,white,non-hispanic
1344,Male,65 to 74 Years,6,white,non-hispanic
1345,Female,65 to 74 Years,4,white,non-hispanic
1346,Female,25 to 34 Years,7,white,non-hispanic
1347,Female,25 to 34 Years,6,white,non-hispanic
1348,Female,25 to 34 Years,7,white,non-hispanic
1349,Male,25 to 34 Years,5,white,non-hispanic
1350,Male,35 to 44 Years,8,white,non-hispanic
1351,Female,75 Years & Over,3,white,non-hispanic
1352,Female,35 to 44 Years,8,asian,non-hispanic
1353,Female,45 to 54 Years,5,white,non-hispanic
1354,Male,65 to 74 Years,4,white,non-hispanic
1355,Nonbinary,35 to 44 Years,7,white,non-hispanic
1356,Female,25 to 34 Years,8,white,non-hispanic
1357,Female,45 to 54 Years,6,white,non-hispanic
1358,Female,35 to 44 Years,6,white,hispanic
1359,Male,25 to 34 Years,6,white,non-hispanic
1360,Female,25 to 34 Years,4,two_or_more,non-hispanic
1361,Male,75 Years & Over,2,white,non-hispanic
1362,Female,25 to 34 Years,6,white,non-hispanic
1363,Female,25 to 34 Years,5,white,non-hispanic
1364,Male,65 to 74 Years,4,white,non-hispanic
1365,Female,25 to 34 Years,6,white,non-hispanic
1366,Female,55 to 64 Years,5,white,non-hispanic
1367,Male,45 to 54 Years,6,white,non-hispanic
1368,Male,35 to 44 Years,8,white,non-hispanic
1369,Female,55 to 64 Years,6,white,non-hispanic
1370,Female,35 to 44 Years,4,white,non-hispanic
1371,Male,45 to 54 Years,4,,hispanic
1372,Male,18 to 24 Years,4,,
1373,Female,25 to 34 Years,5,,
1374,Male,25 to 34 Years,4,white,non-hispanic
1375,Male,65 to 74 Years,3,white,non-hispanic
1376,Female,75 Years & Over,8,aa,non-hispanic
1377,Male,35 to 44 Years,8,,
1378,Female,35 to 44 Years,8,white,non-hispanic
1379,Female,55 to 64 Years,7,,
1380,Male,65 to 74 Years,8,white,non-hispanic
1381,Male,25 to 34 Years,7,white,non-hispanic
1382,Female,75 Years & Over,6,white,non-hispanic
1383,Female,25 to 34 Years,7,white,non-hispanic
1384,Female,45 to 54 Years,2,aa,non-hispanic
1385,Female,18 to 24 Years,8,two_or_more,non-hispanic
1386,Female,25 to 34 Years,7,white,non-hispanic
1387,Male,65 to 74 Years,4,white,non-hispanic
1388,Female,25 to 34 Years,6,white,non-hispanic
1389,Male,45 to 54 Years,6,white,non-hispanic
1390,Female,55 to 64 Years,5,white,non-hispanic
1391,Female,25 to 34 Years,6,white,non-hispanic
1392,Male,25 to 34 Years,6,white,non-hispanic
1393,Female,25 to 34 Years,7,white,non-hispanic
1394,Male,25 to 34 Years,8,white,non-hispanic
1395,Female,25 to 34 Years,6,white,non-hispanic
1396,Female,45 to 54 Years,6,white,non-hispanic
1397,Female,55 to 64 Years,6,white,non-hispanic
1398,Female,55 to 64 Years,5,white,non-hispanic
1399,Male,25 to 34 Years,4,white,non-hispanic
1400,Female,25 to 34 Years,4,white,non-hispanic
1401,Male,75 Years & Over,1,white,non-hispanic
1402,Male,35 to 44 Years,4,white,non-hispanic
1403,Female,35 to 44 Years,6,white,non-hispanic
1404,Female,75 Years & Over,6,white,non-hispanic
1405,Female,45 to 54 Years,5,white,non-hispanic
1406,Female,18 to 24 Years,8,white,non-hispanic
1407,Female,55 to 64 Years,3,white,non-hispanic
1408,Male,25 to 34 Years,4,asian,non-hispanic
1409,Female,55 to 64 Years,4,white,non-hispanic
1410,Male,35 to 44 Years,2,asian,non-hispanic
1411,Female,65 to 74 Years,4,white,non-hispanic
1412,Female,65 to 74 Years,5,white,non-hispanic
1413,Female,45 to 54 Years,4,white,non-hispanic
1414,Male,75 Years & Over,2,white,non-hispanic
1415,Female,25 to 34 Years,4,aa,non-hispanic
1416,Female,65 to 74 Years,2,asian,non-hispanic
1417,Female,75 Years & Over,1,white,non-hispanic
1418,Female,35 to 44 Years,8,white,non-hispanic
1419,Female,25 to 34 Years,3,white,non-hispanic
1420,Female,25 to 34 Years,8,white,non-hispanic
1421,Female,35 to 44 Years,7,white,non-hispanic
1422,Female,25 to 34 Years,8,white,non-hispanic
1423,Female,25 to 34 Years,6,white,non-hispanic
1424,Female,25 to 34 Years,8,white,non-hispanic
1425,Female,18 to 24 Years,5,white,non-hispanic
1426,Male,35 to 44 Years,8,white,non-hispanic
1427,Female,65 to 74 Years,6,white,non-hispanic
1428,Female,18 to 24 Years,4,white,non-hispanic
1429,Female,45 to 54 Years,5,white,non-hispanic
1430,Female,25 to 34 Years,4,,hispanic
1431,Male,25 to 34 Years,8,white,non-hispanic
1432,Male,75 Years & Over,6,,
1433,Male,25 to 34 Years,7,asian,non-hispanic
1434,Male,75 Years & Over,1,white,non-hispanic
1435,Female,35 to 44 Years,5,white,non-hispanic
1436,Male,35 to 44 Years,6,asian,non-hispanic
1437,Male,25 to 34 Years,6,,
1438,Female,25 to 34 Years,8,white,non-hispanic
1439,Female,55 to 64 Years,4,aa,non-hispanic
1440,Male,75 Years & Over,6,white,non-hispanic
1441,Male,55 to 64 Years,8,white,non-hispanic
1442,Male,25 to 34 Years,5,,
1443,Female,45 to 54 Years,2,white,non-hispanic
1444,Female,25 to 34 Years,4,white,non-hispanic
1445,Female,45 to 54 Years,8,asian,non-hispanic
1446,Female,35 to 44 Years,6,white,non-hispanic
1447,Male,35 to 44 Years,8,white,non-hispanic
1448,Female,18 to 24 Years,3,white,non-hispanic
1449,Female,45 to 54 Years,6,white,non-hispanic
1450,Female,35 to 44 Years,5,asian,non-hispanic
1451,Female,35 to 44 Years,7,white,non-hispanic
1452,Female,25 to 34 Years,4,white,non-hispanic
1453,Male,65 to 74 Years,4,white,non-hispanic
1454,Female,55 to 64 Years,2,white,non-hispanic
1455,Male,65 to 74 Years,8,white,non-hispanic
1456,Female,55 to 64 Years,8,white,non-hispanic
1457,Female,25 to 34 Years,7,white,non-hispanic
1458,Female,25 to 34 Years,3,white,non-hispanic
1459,Female,45 to 54 Years,3,white,non-hispanic
1460,Female,35 to 44 Years,7,white,non-hispanic
1461,Female,35 to 44 Years,6,white,non-hispanic
1462,Female,55 to 64 Years,4,white,non-hispanic
1463,Female,55 to 64 Years,7,white,non-hispanic
1464,Female,25 to 34 Years,6,white,non-hispanic
1465,Female,65 to 74 Years,5,white,non-hispanic
1466,Female,25 to 34 Years,8,asian,non-hispanic
1467,Male,35 to 44 Years,7,white,non-hispanic
1468,Male,55 to 64 Years,6,white,non-hispanic
1469,Female,25 to 34 Years,4,white,non-hispanic
1470,Male,25 to 34 Years,8,white,non-hispanic
1471,Male,35 to 44 Years,6,white,non-hispanic
1472,Female,55 to 64 Years,4,white,non-hispanic
1473,Male,25 to 34 Years,6,white,non-hispanic
1474,Female,75 Years & Over,5,,
1475,Female,55 to 64 Years,3,aa,non-hispanic
1476,Female,35 to 44 Years,8,white,non-hispanic
1477,Male,75 Years & Over,3,white,non-hispanic
1478,Male,35 to 44 Years,6,,hispanic
1479,Female,35 to 44 Years,6,white,non-hispanic
1480,Female,75 Years & Over,6,white,non-hispanic
1481,Female,25 to 34 Years,8,white,non-hispanic
1482,Female,75 Years & Over,3,white,non-hispanic
1483,Female,35 to 44 Years,4,white,non-hispanic
1484,Female,55 to 64 Years,3,aa,non-hispanic
1485,Female,75 Years & Over,3,,
1486,Male,55 to 64 Years,3,white,non-hispanic
1487,Male,25 to 34 Years,5,white,non-hispanic
1488,Nonbinary,55 to 64 Years,7,,
1489,Nonbinary,55 to 64 Years,7,,
1490,Female,75 Years & Over,1,,
1491,Female,45 to 54 Years,6,white,non-hispanic
1492,Female,25 to 34 Years,8,white,non-hispanic
1493,Female,25 to 34 Years,8,white,non-hispanic
1494,Female,25 to 34 Years,8,two_or_more,non-hispanic
1495,Female,75 Years & Over,2,,non-hispanic
