,id,gender,age,hhi,ethnicity,race
0,7391,Female,65 to 74 Years,3,non-hispanic,white
1,7392,Female,55 to 64 Years,2,non-hispanic,white
2,7393,Male,65 to 74 Years,4,non-hispanic,white
3,7394,Male,55 to 64 Years,5,non-hispanic,white
4,7395,Female,55 to 64 Years,5,non-hispanic,asian
5,7396,Male,65 to 74 Years,3,non-hispanic,white
6,7397,Female,75 Years & Over,6,non-hispanic,white
7,7398,Male,45 to 54 Years,8,non-hispanic,white
8,7399,Female,25 to 34 Years,6,hispanic,white
9,7400,Male,65 to 74 Years,3,non-hispanic,white
10,7401,Female,25 to 34 Years,4,non-hispanic,white
11,7402,Female,55 to 64 Years,7,non-hispanic,white
12,7403,Male,55 to 64 Years,8,non-hispanic,white
13,7404,Female,35 to 44 Years,8,non-hispanic,white
14,7405,Female,25 to 34 Years,,non-hispanic,white
15,7406,Female,75 Years & Over,6,,
16,7407,Male,75 Years & Over,6,non-hispanic,white
17,7408,Female,35 to 44 Years,3,non-hispanic,white
18,7409,Female,25 to 34 Years,8,non-hispanic,white
19,7410,Female,25 to 34 Years,5,non-hispanic,white
20,7411,Female,55 to 64 Years,5,non-hispanic,white
21,7412,Male,25 to 34 Years,8,non-hispanic,asian
22,7413,Female,25 to 34 Years,5,non-hispanic,white
23,7414,Female,25 to 34 Years,7,non-hispanic,white
24,7415,Male,55 to 64 Years,7,non-hispanic,white
25,7416,,75 Years & Over,6,,
26,7417,Female,65 to 74 Years,4,non-hispanic,white
27,7418,Female,25 to 34 Years,4,non-hispanic,white
28,7419,Male,65 to 74 Years,6,non-hispanic,white
29,7420,Female,18 to 24 Years,7,non-hispanic,white
30,7421,Male,55 to 64 Years,7,non-hispanic,two_or_more
31,7422,Male,35 to 44 Years,2,non-hispanic,white
32,7423,Male,25 to 34 Years,6,non-hispanic,white
33,7424,Male,65 to 74 Years,,non-hispanic,white
34,7425,Female,45 to 54 Years,8,non-hispanic,white
35,7426,Male,18 to 24 Years,5,non-hispanic,white
36,7427,Female,25 to 34 Years,5,non-hispanic,white
37,7428,Female,75 Years & Over,2,non-hispanic,aa
38,7429,Female,65 to 74 Years,2,non-hispanic,white
39,7430,Male,25 to 34 Years,8,non-hispanic,white
40,7431,Female,55 to 64 Years,7,non-hispanic,white
41,7432,Female,25 to 34 Years,6,non-hispanic,white
42,7433,Female,35 to 44 Years,5,,
43,7434,Female,55 to 64 Years,6,non-hispanic,white
44,7435,Male,65 to 74 Years,3,hispanic,
45,7436,Female,65 to 74 Years,3,non-hispanic,white
46,7437,Female,65 to 74 Years,3,non-hispanic,white
47,7438,Female,65 to 74 Years,4,non-hispanic,white
48,7439,Male,65 to 74 Years,5,non-hispanic,white
49,7440,Female,55 to 64 Years,6,non-hispanic,white
50,7441,Female,55 to 64 Years,6,non-hispanic,white
51,7442,Male,65 to 74 Years,4,non-hispanic,white
52,7443,Male,25 to 34 Years,5,non-hispanic,white
53,7444,Male,35 to 44 Years,7,non-hispanic,white
54,7445,Female,55 to 64 Years,6,hispanic,
55,7446,Female,35 to 44 Years,3,non-hispanic,white
56,7447,Nonbinary,25 to 34 Years,6,non-hispanic,white
57,7448,Male,25 to 34 Years,4,non-hispanic,white
58,7449,Female,55 to 64 Years,,non-hispanic,white
59,7450,Female,25 to 34 Years,6,non-hispanic,two_or_more
60,7451,Male,35 to 44 Years,7,non-hispanic,white
61,7452,Female,35 to 44 Years,7,non-hispanic,white
62,7453,Male,25 to 34 Years,6,non-hispanic,white
63,7454,Female,75 Years & Over,3,non-hispanic,white
64,7455,Female,35 to 44 Years,8,non-hispanic,white
65,7456,Female,35 to 44 Years,7,non-hispanic,white
66,7457,Female,75 Years & Over,4,non-hispanic,white
67,7458,Male,35 to 44 Years,8,non-hispanic,white
68,7459,Female,25 to 34 Years,3,non-hispanic,white
69,7460,Female,25 to 34 Years,4,non-hispanic,asian
70,7461,Female,75 Years & Over,,non-hispanic,white
71,7462,Female,35 to 44 Years,8,non-hispanic,asian
72,7463,Female,75 Years & Over,,non-hispanic,white
73,7464,Female,55 to 64 Years,6,non-hispanic,white
74,7465,Female,65 to 74 Years,2,non-hispanic,white
75,7466,Female,35 to 44 Years,6,non-hispanic,white
76,7467,Female,25 to 34 Years,5,non-hispanic,white
77,7468,Female,18 to 24 Years,2,non-hispanic,white
78,7469,Male,55 to 64 Years,5,non-hispanic,white
79,7470,Female,55 to 64 Years,3,non-hispanic,white
80,7471,Female,45 to 54 Years,8,non-hispanic,white
81,7472,Male,45 to 54 Years,6,,
82,7473,Female,45 to 54 Years,7,non-hispanic,white
83,7474,Male,25 to 34 Years,7,non-hispanic,white
84,7475,Nonbinary,25 to 34 Years,6,non-hispanic,white
85,7476,Male,35 to 44 Years,6,non-hispanic,asian
86,7477,Male,35 to 44 Years,8,non-hispanic,white
87,7478,Female,65 to 74 Years,1,non-hispanic,white
88,7479,Female,65 to 74 Years,3,non-hispanic,white
89,7480,Female,35 to 44 Years,4,hispanic,
90,7481,Female,18 to 24 Years,3,non-hispanic,white
91,7482,Male,35 to 44 Years,8,non-hispanic,white
92,7483,Female,25 to 34 Years,4,non-hispanic,white
93,7484,Female,55 to 64 Years,3,non-hispanic,white
94,7485,Female,25 to 34 Years,8,non-hispanic,white
95,7486,Female,65 to 74 Years,2,hispanic,
96,7487,Female,75 Years & Over,2,non-hispanic,white
97,7488,Female,25 to 34 Years,5,non-hispanic,white
98,7489,Female,55 to 64 Years,6,non-hispanic,white
99,7490,Female,45 to 54 Years,6,non-hispanic,white
100,7491,Female,55 to 64 Years,7,,
101,7492,Male,55 to 64 Years,3,non-hispanic,white
102,7493,Female,25 to 34 Years,4,non-hispanic,white
103,7494,Male,18 to 24 Years,2,non-hispanic,white
104,7495,Female,45 to 54 Years,3,hispanic,
105,7496,Female,75 Years & Over,2,non-hispanic,white
106,7497,Male,35 to 44 Years,5,non-hispanic,white
107,7498,Male,75 Years & Over,,non-hispanic,white
108,7499,Male,25 to 34 Years,5,non-hispanic,asian
109,7500,Female,25 to 34 Years,4,non-hispanic,white
110,7501,Female,18 to 24 Years,3,non-hispanic,white
111,7502,Male,25 to 34 Years,3,non-hispanic,white
112,7503,Female,25 to 34 Years,5,non-hispanic,white
113,7504,Male,35 to 44 Years,8,hispanic,
114,7505,Female,35 to 44 Years,6,non-hispanic,white
115,7506,Female,35 to 44 Years,8,non-hispanic,white
116,7507,Female,45 to 54 Years,5,non-hispanic,white
117,7508,Female,45 to 54 Years,8,non-hispanic,white
118,7509,Female,75 Years & Over,2,non-hispanic,two_or_more
119,7510,Male,25 to 34 Years,4,non-hispanic,white
120,7511,Female,18 to 24 Years,3,non-hispanic,white
121,7512,Female,18 to 24 Years,3,non-hispanic,aa
122,7513,Male,35 to 44 Years,4,hispanic,
123,7514,Male,25 to 34 Years,7,non-hispanic,white
124,7515,Male,75 Years & Over,,non-hispanic,asian
125,7516,,45 to 54 Years,5,non-hispanic,white
126,7517,Male,25 to 34 Years,8,non-hispanic,white
127,7518,Male,75 Years & Over,3,non-hispanic,white
128,7519,Female,75 Years & Over,5,non-hispanic,white
129,7520,Male,65 to 74 Years,4,non-hispanic,white
130,7521,Male,45 to 54 Years,6,non-hispanic,white
131,7522,Female,45 to 54 Years,8,non-hispanic,asian
132,7523,Female,35 to 44 Years,5,non-hispanic,white
133,7524,Nonbinary,35 to 44 Years,8,non-hispanic,white
134,7525,,75 Years & Over,,non-hispanic,white
135,7526,Male,45 to 54 Years,8,non-hispanic,white
136,7527,Male,65 to 74 Years,3,non-hispanic,white
137,7528,Male,35 to 44 Years,6,non-hispanic,white
138,7529,Male,25 to 34 Years,7,non-hispanic,two_or_more
139,7530,Female,35 to 44 Years,8,non-hispanic,white
140,7531,Female,65 to 74 Years,,non-hispanic,white
141,7532,Female,55 to 64 Years,6,non-hispanic,white
142,7533,Female,45 to 54 Years,2,non-hispanic,white
143,7534,Female,45 to 54 Years,8,non-hispanic,white
144,7535,Male,25 to 34 Years,6,non-hispanic,white
145,7536,Male,25 to 34 Years,6,non-hispanic,white
146,7537,Female,55 to 64 Years,2,non-hispanic,white
147,7538,Male,25 to 34 Years,6,non-hispanic,white
148,7539,Female,55 to 64 Years,,non-hispanic,white
149,7540,Female,65 to 74 Years,,non-hispanic,white
150,7541,Female,65 to 74 Years,1,non-hispanic,white
151,7542,Male,35 to 44 Years,8,non-hispanic,white
152,7543,Female,35 to 44 Years,6,non-hispanic,white
153,7544,Female,55 to 64 Years,5,non-hispanic,white
154,7545,Male,35 to 44 Years,4,non-hispanic,white
155,7546,Female,75 Years & Over,2,non-hispanic,white
156,7547,Male,65 to 74 Years,,non-hispanic,asian
157,7548,Male,35 to 44 Years,8,non-hispanic,white
158,7549,Female,45 to 54 Years,8,non-hispanic,white
159,7550,Male,25 to 34 Years,5,non-hispanic,white
160,7551,Male,55 to 64 Years,8,non-hispanic,white
161,7552,Male,35 to 44 Years,6,non-hispanic,white
162,7553,Female,75 Years & Over,2,non-hispanic,asian
163,7554,Female,35 to 44 Years,4,non-hispanic,white
164,7555,Female,45 to 54 Years,7,non-hispanic,white
165,7556,Female,25 to 34 Years,7,non-hispanic,white
166,7557,Female,45 to 54 Years,3,non-hispanic,white
167,7558,Female,65 to 74 Years,2,non-hispanic,white
168,7559,Male,65 to 74 Years,6,non-hispanic,white
169,7560,Female,45 to 54 Years,7,non-hispanic,white
170,7561,Male,65 to 74 Years,5,non-hispanic,asian
171,7562,Male,55 to 64 Years,3,non-hispanic,white
172,7563,Male,25 to 34 Years,3,non-hispanic,asian
173,7564,Female,45 to 54 Years,,non-hispanic,white
174,7565,Male,25 to 34 Years,4,non-hispanic,white
175,7566,Female,25 to 34 Years,4,non-hispanic,white
176,7567,Male,45 to 54 Years,6,non-hispanic,two_or_more
177,7568,Female,25 to 34 Years,3,non-hispanic,white
178,7569,Female,65 to 74 Years,5,non-hispanic,white
179,7570,Female,25 to 34 Years,5,non-hispanic,white
180,7571,Female,25 to 34 Years,4,non-hispanic,white
181,7572,Male,25 to 34 Years,5,non-hispanic,white
182,7573,Female,75 Years & Over,6,non-hispanic,white
183,7574,Female,75 Years & Over,,non-hispanic,white
184,7575,Female,25 to 34 Years,6,non-hispanic,white
185,7576,Male,55 to 64 Years,3,non-hispanic,white
186,7577,Female,65 to 74 Years,5,non-hispanic,white
187,7578,Male,25 to 34 Years,4,non-hispanic,asian
188,7579,,75 Years & Over,3,,
189,7580,Female,55 to 64 Years,8,non-hispanic,white
190,7581,Female,18 to 24 Years,6,non-hispanic,asian
191,7582,Female,75 Years & Over,2,non-hispanic,other
192,7583,Female,25 to 34 Years,7,non-hispanic,white
193,7584,Female,35 to 44 Years,8,non-hispanic,white
194,7585,Male,25 to 34 Years,5,non-hispanic,white
195,7586,Female,25 to 34 Years,4,non-hispanic,white
196,7587,Female,35 to 44 Years,8,non-hispanic,white
197,7588,Male,35 to 44 Years,8,non-hispanic,white
198,7589,Male,25 to 34 Years,6,non-hispanic,white
199,7590,Male,35 to 44 Years,2,non-hispanic,asian
200,7591,Male,75 Years & Over,7,non-hispanic,white
201,7592,Female,25 to 34 Years,4,hispanic,
202,7593,Female,55 to 64 Years,,,
203,7594,,25 to 34 Years,6,non-hispanic,two_or_more
204,7595,Male,35 to 44 Years,7,non-hispanic,white
205,7596,Male,65 to 74 Years,4,non-hispanic,aa
206,7597,Male,75 Years & Over,7,non-hispanic,white
207,7598,Female,25 to 34 Years,4,non-hispanic,white
208,7599,Female,25 to 34 Years,5,non-hispanic,white
209,7600,Male,35 to 44 Years,5,hispanic,
210,7601,Female,45 to 54 Years,6,non-hispanic,asian
211,7602,Female,25 to 34 Years,4,non-hispanic,white
212,7603,Female,55 to 64 Years,3,non-hispanic,white
213,7604,Male,75 Years & Over,2,non-hispanic,white
214,7605,Female,65 to 74 Years,6,non-hispanic,white
215,7606,Female,65 to 74 Years,2,non-hispanic,white
216,7607,Male,25 to 34 Years,6,non-hispanic,white
217,7608,Female,18 to 24 Years,6,non-hispanic,white
218,7609,Male,25 to 34 Years,6,non-hispanic,white
219,7610,Male,45 to 54 Years,6,non-hispanic,white
220,7611,Female,25 to 34 Years,7,non-hispanic,white
221,7612,Female,65 to 74 Years,4,non-hispanic,white
222,7613,,75 Years & Over,,,
223,7614,Female,45 to 54 Years,6,non-hispanic,white
224,7615,Male,45 to 54 Years,6,non-hispanic,white
225,7616,Female,35 to 44 Years,4,non-hispanic,two_or_more
226,7617,Female,65 to 74 Years,4,non-hispanic,white
227,7618,Female,65 to 74 Years,4,hispanic,white
228,7619,Male,25 to 34 Years,8,non-hispanic,asian
229,7620,Female,65 to 74 Years,3,non-hispanic,white
230,7621,Female,25 to 34 Years,4,non-hispanic,white
231,7622,Female,65 to 74 Years,2,non-hispanic,white
232,7623,Male,35 to 44 Years,4,hispanic,
233,7624,Female,45 to 54 Years,4,non-hispanic,asian
234,7625,Male,25 to 34 Years,4,hispanic,
235,7626,Female,45 to 54 Years,4,,
236,7627,Female,25 to 34 Years,7,non-hispanic,two_or_more
237,7628,,75 Years & Over,,,
238,7629,Female,35 to 44 Years,4,non-hispanic,white
239,7630,Female,75 Years & Over,4,non-hispanic,white
240,7631,Male,75 Years & Over,5,non-hispanic,white
241,7632,Female,35 to 44 Years,8,non-hispanic,white
242,7633,Female,35 to 44 Years,8,non-hispanic,white
243,7634,Male,55 to 64 Years,6,non-hispanic,white
244,7635,,55 to 64 Years,4,hispanic,
245,7636,Female,55 to 64 Years,7,non-hispanic,white
246,7637,Male,25 to 34 Years,7,,
247,7638,Male,25 to 34 Years,2,non-hispanic,white
248,7639,Male,55 to 64 Years,6,non-hispanic,white
249,7640,Female,25 to 34 Years,6,non-hispanic,white
250,7641,Female,45 to 54 Years,8,non-hispanic,white
251,7642,Female,25 to 34 Years,2,non-hispanic,white
252,7643,Female,25 to 34 Years,6,non-hispanic,white
253,7644,Female,45 to 54 Years,7,non-hispanic,white
254,7645,Female,25 to 34 Years,3,non-hispanic,white
255,7646,Female,25 to 34 Years,8,non-hispanic,asian
256,7647,Female,75 Years & Over,6,non-hispanic,white
257,7648,Male,35 to 44 Years,2,non-hispanic,white
258,7649,Male,25 to 34 Years,6,non-hispanic,white
259,7650,Female,65 to 74 Years,8,non-hispanic,white
260,7651,Male,75 Years & Over,2,,
261,7652,Female,55 to 64 Years,3,non-hispanic,
262,7653,Male,25 to 34 Years,7,non-hispanic,white
263,7654,Female,35 to 44 Years,6,non-hispanic,asian
264,7655,Male,35 to 44 Years,8,non-hispanic,white
265,7656,Female,45 to 54 Years,5,non-hispanic,white
266,7657,Male,55 to 64 Years,,non-hispanic,white
267,7658,Male,45 to 54 Years,,non-hispanic,white
268,7659,Female,35 to 44 Years,6,non-hispanic,white
269,7660,Male,45 to 54 Years,6,non-hispanic,white
270,7661,Female,18 to 24 Years,6,non-hispanic,white
271,7662,Female,65 to 74 Years,6,non-hispanic,white
272,7663,Female,35 to 44 Years,8,non-hispanic,white
273,7664,Female,35 to 44 Years,8,non-hispanic,white
274,7665,Male,35 to 44 Years,7,non-hispanic,white
275,7666,Female,55 to 64 Years,4,non-hispanic,aa
276,7667,Female,25 to 34 Years,5,non-hispanic,white
277,7668,Male,65 to 74 Years,4,non-hispanic,white
278,7669,Male,18 to 24 Years,5,non-hispanic,white
279,7670,Female,45 to 54 Years,4,non-hispanic,white
280,7671,Female,35 to 44 Years,6,non-hispanic,asian
281,7672,Female,75 Years & Over,2,non-hispanic,white
282,7673,,18 to 24 Years,8,non-hispanic,white
283,7674,Female,35 to 44 Years,5,hispanic,
284,7675,Male,25 to 34 Years,7,non-hispanic,white
285,7676,Female,25 to 34 Years,7,non-hispanic,white
286,7677,Female,25 to 34 Years,8,non-hispanic,white
287,7678,,75 Years & Over,,,
288,7679,,35 to 44 Years,7,non-hispanic,white
289,7680,Male,35 to 44 Years,7,non-hispanic,white
290,7681,Female,25 to 34 Years,4,non-hispanic,white
291,7682,Female,65 to 74 Years,2,non-hispanic,white
292,7683,Female,35 to 44 Years,6,non-hispanic,white
293,7684,Male,35 to 44 Years,8,non-hispanic,white
294,7685,Female,35 to 44 Years,8,non-hispanic,white
295,7686,Male,25 to 34 Years,4,non-hispanic,two_or_more
296,7687,Female,65 to 74 Years,,non-hispanic,white
297,7688,Female,25 to 34 Years,3,non-hispanic,white
298,7689,Female,25 to 34 Years,8,non-hispanic,white
299,7690,Female,65 to 74 Years,2,non-hispanic,white
300,7691,Female,25 to 34 Years,6,non-hispanic,white
301,7692,Male,65 to 74 Years,6,non-hispanic,white
302,7693,Female,35 to 44 Years,6,non-hispanic,white
303,7694,Female,75 Years & Over,3,non-hispanic,white
304,7695,Female,55 to 64 Years,2,non-hispanic,white
305,7696,Female,45 to 54 Years,2,non-hispanic,white
306,7697,Male,35 to 44 Years,4,non-hispanic,asian
307,7698,Female,55 to 64 Years,4,non-hispanic,white
308,7699,Male,25 to 34 Years,8,non-hispanic,white
309,7700,Male,45 to 54 Years,8,non-hispanic,white
310,7701,Male,35 to 44 Years,6,non-hispanic,white
311,7702,Male,75 Years & Over,2,non-hispanic,aa
312,7703,Male,25 to 34 Years,3,non-hispanic,white
313,7704,Male,75 Years & Over,8,non-hispanic,white
314,7705,Female,75 Years & Over,7,,
315,7706,Female,25 to 34 Years,6,non-hispanic,white
316,7707,Female,65 to 74 Years,7,non-hispanic,white
317,7708,Female,25 to 34 Years,7,non-hispanic,white
318,7709,Female,25 to 34 Years,4,non-hispanic,white
319,7710,Male,65 to 74 Years,6,non-hispanic,white
320,7711,Male,45 to 54 Years,1,non-hispanic,white
321,7712,Male,25 to 34 Years,6,non-hispanic,white
322,7713,Male,45 to 54 Years,8,non-hispanic,white
323,7714,Female,35 to 44 Years,8,non-hispanic,asian
324,7715,Female,35 to 44 Years,8,non-hispanic,white
325,7716,Female,75 Years & Over,6,non-hispanic,white
326,7717,Female,18 to 24 Years,6,non-hispanic,white
327,7718,Female,55 to 64 Years,3,non-hispanic,white
328,7719,Female,35 to 44 Years,5,non-hispanic,white
329,7720,Female,35 to 44 Years,6,non-hispanic,white
330,7721,Female,25 to 34 Years,5,non-hispanic,white
331,7722,Female,55 to 64 Years,5,non-hispanic,white
332,7723,Female,35 to 44 Years,8,non-hispanic,white
333,7724,Male,35 to 44 Years,5,non-hispanic,white
334,7725,,75 Years & Over,,,
335,7726,Female,35 to 44 Years,8,non-hispanic,white
336,7727,Male,35 to 44 Years,8,non-hispanic,asian
337,7728,Male,45 to 54 Years,7,non-hispanic,white
338,7729,Male,65 to 74 Years,5,non-hispanic,white
339,7730,,65 to 74 Years,6,non-hispanic,white
340,7731,Female,25 to 34 Years,6,non-hispanic,white
341,7732,Female,35 to 44 Years,6,non-hispanic,white
342,7733,Male,18 to 24 Years,4,non-hispanic,white
343,7734,Female,55 to 64 Years,2,hispanic,
344,7735,Male,25 to 34 Years,1,non-hispanic,white
345,7736,Female,35 to 44 Years,8,non-hispanic,white
346,7737,Male,25 to 34 Years,7,non-hispanic,white
347,7738,Female,25 to 34 Years,7,non-hispanic,asian
348,7739,Female,45 to 54 Years,6,non-hispanic,white
349,7740,Female,45 to 54 Years,8,non-hispanic,asian
350,7741,Male,35 to 44 Years,,,
351,7742,Female,35 to 44 Years,4,non-hispanic,white
352,7743,Female,35 to 44 Years,5,non-hispanic,aa
353,7744,Female,55 to 64 Years,3,non-hispanic,white
354,7745,Female,35 to 44 Years,4,non-hispanic,two_or_more
355,7746,Male,55 to 64 Years,5,hispanic,
356,7747,Male,45 to 54 Years,8,non-hispanic,white
357,7748,Female,35 to 44 Years,4,non-hispanic,white
358,7749,Male,65 to 74 Years,5,non-hispanic,white
359,7750,Male,55 to 64 Years,6,non-hispanic,white
360,7751,Female,25 to 34 Years,8,non-hispanic,white
361,7752,Male,65 to 74 Years,,non-hispanic,asian
362,7753,Female,45 to 54 Years,,non-hispanic,white
363,7754,Female,65 to 74 Years,7,non-hispanic,white
364,7755,,75 Years & Over,,,
365,7756,Female,65 to 74 Years,2,hispanic,
366,7757,Female,25 to 34 Years,6,non-hispanic,white
367,7758,Female,35 to 44 Years,6,non-hispanic,asian
368,7759,Female,55 to 64 Years,2,non-hispanic,white
369,7760,Female,25 to 34 Years,5,non-hispanic,asian
370,7761,Female,35 to 44 Years,6,non-hispanic,asian
371,7762,Female,55 to 64 Years,4,non-hispanic,white
372,7763,Male,55 to 64 Years,8,hispanic,
373,7764,Female,35 to 44 Years,7,non-hispanic,white
374,7765,Male,25 to 34 Years,5,non-hispanic,white
375,7766,Female,25 to 34 Years,4,non-hispanic,white
376,7767,Female,25 to 34 Years,6,non-hispanic,asian
377,7768,Female,25 to 34 Years,8,non-hispanic,white
378,7769,Male,25 to 34 Years,7,non-hispanic,white
379,7770,Female,25 to 34 Years,7,non-hispanic,other
380,7771,Female,35 to 44 Years,5,non-hispanic,white
381,7772,Male,25 to 34 Years,3,non-hispanic,white
382,7773,Male,35 to 44 Years,4,hispanic,
383,7774,Male,25 to 34 Years,6,non-hispanic,white
384,7775,Male,25 to 34 Years,8,non-hispanic,white
385,7776,Female,25 to 34 Years,4,non-hispanic,white
386,7777,Male,65 to 74 Years,,non-hispanic,white
387,7778,Male,65 to 74 Years,4,non-hispanic,aa
388,7779,Female,35 to 44 Years,3,non-hispanic,white
389,7780,Female,25 to 34 Years,6,non-hispanic,white
390,7781,Male,45 to 54 Years,4,non-hispanic,white
391,7782,Female,25 to 34 Years,7,non-hispanic,white
392,7783,Female,25 to 34 Years,7,non-hispanic,white
393,7784,Female,75 Years & Over,,non-hispanic,two_or_more
394,7785,Female,65 to 74 Years,,non-hispanic,two_or_more
395,7786,Male,35 to 44 Years,8,non-hispanic,white
396,7787,Male,65 to 74 Years,2,non-hispanic,white
397,7788,Male,35 to 44 Years,8,non-hispanic,white
398,7789,Male,25 to 34 Years,6,non-hispanic,white
399,7790,Female,25 to 34 Years,7,non-hispanic,white
400,7791,Male,25 to 34 Years,5,non-hispanic,white
401,7792,Male,25 to 34 Years,6,non-hispanic,white
402,7793,Female,55 to 64 Years,2,non-hispanic,two_or_more
403,7794,Female,35 to 44 Years,8,non-hispanic,white
404,7795,Male,25 to 34 Years,6,non-hispanic,white
405,7796,Male,55 to 64 Years,4,non-hispanic,white
406,7797,Female,65 to 74 Years,,non-hispanic,white
407,7798,Male,65 to 74 Years,3,non-hispanic,white
408,7799,Female,65 to 74 Years,6,non-hispanic,asian
409,7800,Female,25 to 34 Years,5,non-hispanic,white
410,7801,Female,65 to 74 Years,3,non-hispanic,white
411,7802,Female,35 to 44 Years,5,non-hispanic,white
412,7803,Female,25 to 34 Years,4,non-hispanic,white
413,7804,Male,25 to 34 Years,6,non-hispanic,white
414,7805,Female,35 to 44 Years,7,non-hispanic,asian
415,7806,Female,45 to 54 Years,6,non-hispanic,white
416,7807,Male,75 Years & Over,1,non-hispanic,white
417,7808,Female,25 to 34 Years,7,non-hispanic,white
418,7809,Female,65 to 74 Years,5,non-hispanic,white
419,7810,Male,25 to 34 Years,6,non-hispanic,white
420,7811,Female,25 to 34 Years,8,non-hispanic,white
421,7812,Female,25 to 34 Years,6,non-hispanic,white
422,7813,Male,25 to 34 Years,4,non-hispanic,white
423,7814,Female,35 to 44 Years,7,non-hispanic,white
424,7815,Male,25 to 34 Years,7,non-hispanic,white
425,7816,Male,75 Years & Over,3,non-hispanic,white
426,7817,Male,35 to 44 Years,8,non-hispanic,white
427,7818,Female,55 to 64 Years,8,non-hispanic,asian
428,7819,Female,25 to 34 Years,8,non-hispanic,white
429,7820,Female,18 to 24 Years,5,non-hispanic,white
430,7821,Female,18 to 24 Years,5,non-hispanic,aa
431,7822,Male,25 to 34 Years,3,non-hispanic,white
432,7823,Female,35 to 44 Years,4,non-hispanic,white
433,7824,Female,65 to 74 Years,7,non-hispanic,white
434,7825,Female,17 Years,1,hispanic,
435,7826,Male,35 to 44 Years,8,non-hispanic,white
436,7827,Female,75 Years & Over,6,non-hispanic,white
437,7828,Male,35 to 44 Years,6,non-hispanic,white
438,7829,Male,55 to 64 Years,7,non-hispanic,aa
439,7830,Female,35 to 44 Years,8,hispanic,
440,7831,Female,25 to 34 Years,5,non-hispanic,white
441,7832,Female,25 to 34 Years,8,non-hispanic,white
442,7833,Female,45 to 54 Years,6,non-hispanic,white
443,7834,Male,45 to 54 Years,8,non-hispanic,white
444,7835,Female,35 to 44 Years,8,non-hispanic,white
445,7836,Female,25 to 34 Years,3,non-hispanic,white
446,7837,Male,55 to 64 Years,,non-hispanic,white
447,7838,Female,35 to 44 Years,4,non-hispanic,asian
448,7839,Female,35 to 44 Years,2,non-hispanic,white
449,7840,Female,65 to 74 Years,2,non-hispanic,white
450,7841,Male,35 to 44 Years,4,,
451,7842,Female,65 to 74 Years,3,hispanic,
452,7843,Female,65 to 74 Years,3,hispanic,
453,7844,Female,75 Years & Over,,non-hispanic,aa
454,7845,Female,35 to 44 Years,8,non-hispanic,white
455,7846,Male,25 to 34 Years,6,non-hispanic,white
456,7847,Female,75 Years & Over,,,
457,7848,Female,45 to 54 Years,4,,
458,7849,Female,35 to 44 Years,8,non-hispanic,two_or_more
459,7850,Female,25 to 34 Years,5,non-hispanic,white
460,7851,Female,65 to 74 Years,3,non-hispanic,white
461,7852,Female,35 to 44 Years,7,non-hispanic,aa
462,7853,Female,45 to 54 Years,6,non-hispanic,white
463,7854,Male,25 to 34 Years,3,non-hispanic,white
464,7855,Male,65 to 74 Years,5,non-hispanic,white
465,7856,Male,25 to 34 Years,7,non-hispanic,white
466,7857,Male,45 to 54 Years,8,non-hispanic,white
467,7858,Male,25 to 34 Years,6,non-hispanic,white
468,7859,Male,25 to 34 Years,5,non-hispanic,white
469,7860,Male,75 Years & Over,,non-hispanic,asian
470,7861,Female,25 to 34 Years,5,non-hispanic,white
471,7862,Female,35 to 44 Years,,non-hispanic,white
472,7863,Male,75 Years & Over,1,non-hispanic,aa
473,7864,Female,35 to 44 Years,8,non-hispanic,white
474,7865,Male,55 to 64 Years,8,non-hispanic,white
475,7866,Female,55 to 64 Years,2,non-hispanic,white
476,7867,Female,55 to 64 Years,4,,
477,7868,Female,25 to 34 Years,6,non-hispanic,white
478,7869,Female,55 to 64 Years,7,non-hispanic,white
479,7870,Female,25 to 34 Years,8,non-hispanic,white
480,7871,Male,45 to 54 Years,7,non-hispanic,white
481,7872,Female,55 to 64 Years,3,non-hispanic,white
482,7873,Female,25 to 34 Years,7,non-hispanic,white
483,7874,Male,45 to 54 Years,8,,
484,7875,Female,18 to 24 Years,4,non-hispanic,white
485,7876,Male,55 to 64 Years,7,non-hispanic,white
486,7877,Female,45 to 54 Years,6,non-hispanic,white
487,7878,Female,45 to 54 Years,8,non-hispanic,white
488,7879,Male,65 to 74 Years,6,non-hispanic,asian
489,7880,Female,65 to 74 Years,4,non-hispanic,white
490,7881,,75 Years & Over,,,
491,7882,Female,65 to 74 Years,,non-hispanic,white
492,7883,,25 to 34 Years,7,non-hispanic,white
493,7884,Male,35 to 44 Years,7,non-hispanic,white
494,7885,Male,25 to 34 Years,4,non-hispanic,white
495,7886,Male,75 Years & Over,4,non-hispanic,white
496,7887,Male,65 to 74 Years,5,non-hispanic,white
497,7888,Female,75 Years & Over,,non-hispanic,white
498,7889,Female,25 to 34 Years,7,non-hispanic,white
499,7890,Female,25 to 34 Years,4,non-hispanic,white
500,7891,Male,45 to 54 Years,4,non-hispanic,white
501,7892,Female,18 to 24 Years,4,non-hispanic,white
502,7893,Female,35 to 44 Years,8,non-hispanic,white
503,7894,Female,25 to 34 Years,6,non-hispanic,white
504,7895,Female,55 to 64 Years,3,non-hispanic,white
505,7896,Female,75 Years & Over,6,non-hispanic,white
506,7897,Female,45 to 54 Years,4,non-hispanic,white
507,7898,Male,25 to 34 Years,3,non-hispanic,aa
508,7899,Male,25 to 34 Years,6,non-hispanic,white
509,7900,Female,45 to 54 Years,5,non-hispanic,asian
510,7901,Male,35 to 44 Years,8,non-hispanic,white
511,7902,Male,35 to 44 Years,7,non-hispanic,white
512,7903,Male,35 to 44 Years,6,non-hispanic,white
513,7904,Female,35 to 44 Years,4,non-hispanic,white
514,7905,Female,25 to 34 Years,6,non-hispanic,white
515,7906,Male,55 to 64 Years,4,non-hispanic,asian
516,7907,Male,55 to 64 Years,3,non-hispanic,white
517,7908,Female,75 Years & Over,4,non-hispanic,white
518,7909,Male,35 to 44 Years,5,non-hispanic,asian
519,7910,Female,35 to 44 Years,7,non-hispanic,white
520,7911,Female,45 to 54 Years,8,non-hispanic,white
521,7912,Male,25 to 34 Years,5,non-hispanic,white
522,7913,Female,25 to 34 Years,4,non-hispanic,white
523,7914,Female,35 to 44 Years,8,non-hispanic,white
524,7915,Female,45 to 54 Years,5,non-hispanic,white
525,7916,Female,55 to 64 Years,4,non-hispanic,white
526,7917,Female,25 to 34 Years,8,non-hispanic,white
527,7918,Female,75 Years & Over,4,non-hispanic,white
528,7919,Male,35 to 44 Years,8,non-hispanic,white
529,7920,Female,25 to 34 Years,7,hispanic,
530,7921,Female,55 to 64 Years,4,non-hispanic,white
531,7922,Male,35 to 44 Years,8,non-hispanic,white
532,7923,Female,25 to 34 Years,6,non-hispanic,white
533,7924,Female,45 to 54 Years,8,non-hispanic,white
534,7925,Female,45 to 54 Years,8,non-hispanic,white
535,7926,Male,45 to 54 Years,8,non-hispanic,white
536,7927,Female,35 to 44 Years,4,non-hispanic,white
537,7928,Female,25 to 34 Years,4,non-hispanic,white
538,7929,Male,55 to 64 Years,,non-hispanic,white
539,7930,Male,75 Years & Over,,non-hispanic,white
540,7931,Female,35 to 44 Years,8,non-hispanic,white
541,7932,Female,75 Years & Over,1,non-hispanic,white
542,7933,Male,45 to 54 Years,6,non-hispanic,white
543,7934,Male,25 to 34 Years,8,non-hispanic,white
544,7935,Male,25 to 34 Years,8,non-hispanic,white
545,7936,Female,25 to 34 Years,6,non-hispanic,white
546,7937,Female,25 to 34 Years,7,non-hispanic,white
547,7938,Male,65 to 74 Years,1,non-hispanic,white
548,7939,Female,55 to 64 Years,1,non-hispanic,white
549,7940,Female,75 Years & Over,2,non-hispanic,white
550,7941,Female,65 to 74 Years,,,
551,7942,Male,25 to 34 Years,7,non-hispanic,white
552,7943,Female,75 Years & Over,,non-hispanic,white
553,7944,,75 Years & Over,8,,
554,7945,Female,65 to 74 Years,7,non-hispanic,white
555,7946,Male,55 to 64 Years,1,hispanic,
556,7947,Female,25 to 34 Years,5,non-hispanic,white
557,7948,Male,55 to 64 Years,7,non-hispanic,white
558,7949,Female,25 to 34 Years,4,non-hispanic,white
559,7950,Male,35 to 44 Years,8,non-hispanic,white
560,7951,Nonbinary,25 to 34 Years,6,non-hispanic,white
561,7952,Female,25 to 34 Years,6,non-hispanic,white
562,7953,Female,55 to 64 Years,,non-hispanic,white
563,7954,Female,18 to 24 Years,7,non-hispanic,white
564,7955,Female,25 to 34 Years,5,non-hispanic,white
565,7956,,75 Years & Over,,,
566,7957,Female,65 to 74 Years,3,non-hispanic,white
567,7958,Male,25 to 34 Years,7,non-hispanic,white
568,7959,Male,65 to 74 Years,6,non-hispanic,white
569,7960,Female,35 to 44 Years,5,non-hispanic,white
570,7961,,75 Years & Over,,non-hispanic,white
571,7962,Female,45 to 54 Years,3,non-hispanic,white
572,7963,Female,25 to 34 Years,8,non-hispanic,white
573,7964,Female,55 to 64 Years,2,non-hispanic,white
574,7965,Male,18 to 24 Years,3,non-hispanic,white
575,7966,Male,25 to 34 Years,6,non-hispanic,white
576,7967,Nonbinary,25 to 34 Years,4,non-hispanic,white
577,7968,Male,35 to 44 Years,4,non-hispanic,white
578,7969,Female,35 to 44 Years,6,non-hispanic,
579,7970,Female,25 to 34 Years,8,non-hispanic,white
580,7971,Male,35 to 44 Years,8,non-hispanic,white
581,7972,Female,25 to 34 Years,7,non-hispanic,white
582,7973,Female,55 to 64 Years,6,non-hispanic,white
583,7974,Female,18 to 24 Years,8,non-hispanic,white
584,7975,Female,35 to 44 Years,4,non-hispanic,white
585,7976,Female,45 to 54 Years,6,non-hispanic,white
586,7977,Female,45 to 54 Years,5,,
587,7978,Female,35 to 44 Years,6,non-hispanic,white
588,7979,Female,55 to 64 Years,5,non-hispanic,white
589,7980,Female,25 to 34 Years,8,non-hispanic,asian
590,7981,Male,55 to 64 Years,2,hispanic,
591,7982,Female,25 to 34 Years,7,non-hispanic,asian
592,7983,Female,55 to 64 Years,6,non-hispanic,white
593,7984,Female,25 to 34 Years,3,non-hispanic,white
594,7985,Male,25 to 34 Years,6,non-hispanic,white
595,7986,Female,25 to 34 Years,4,non-hispanic,white
596,7987,Female,35 to 44 Years,,non-hispanic,two_or_more
597,7988,Male,25 to 34 Years,3,non-hispanic,white
598,7989,Nonbinary,75 Years & Over,3,hispanic,two_or_more
599,7990,Female,35 to 44 Years,5,non-hispanic,other
600,7991,Female,35 to 44 Years,4,non-hispanic,white
601,7992,Female,25 to 34 Years,6,non-hispanic,white
602,7993,Female,25 to 34 Years,7,non-hispanic,white
603,7994,Female,35 to 44 Years,8,non-hispanic,white
604,7995,Male,18 to 24 Years,6,non-hispanic,white
605,7996,Female,65 to 74 Years,6,non-hispanic,white
606,7997,Female,45 to 54 Years,4,non-hispanic,aa
607,7998,Male,55 to 64 Years,8,non-hispanic,white
608,7999,Female,35 to 44 Years,7,non-hispanic,two_or_more
609,8000,Female,55 to 64 Years,4,non-hispanic,white
610,8001,Female,65 to 74 Years,3,non-hispanic,white
611,8002,Male,45 to 54 Years,8,non-hispanic,white
612,8003,Female,25 to 34 Years,6,non-hispanic,white
613,8004,Male,25 to 34 Years,7,non-hispanic,white
614,8005,Female,25 to 34 Years,5,non-hispanic,white
615,8006,Female,55 to 64 Years,5,non-hispanic,white
616,8007,Male,35 to 44 Years,6,non-hispanic,white
617,8008,Male,35 to 44 Years,8,non-hispanic,white
618,8009,Female,25 to 34 Years,8,non-hispanic,white
619,8010,Female,35 to 44 Years,,non-hispanic,white
620,8011,Female,45 to 54 Years,7,non-hispanic,white
621,8012,Female,65 to 74 Years,5,non-hispanic,white
622,8013,Male,55 to 64 Years,8,non-hispanic,white
623,8014,Male,35 to 44 Years,3,non-hispanic,asian
624,8015,Male,55 to 64 Years,4,non-hispanic,white
625,8016,Male,25 to 34 Years,6,non-hispanic,white
626,8017,Male,25 to 34 Years,6,non-hispanic,white
627,8018,Female,55 to 64 Years,8,non-hispanic,white
628,8019,Male,65 to 74 Years,1,,
629,8020,Male,25 to 34 Years,7,non-hispanic,white
630,8021,Male,55 to 64 Years,8,non-hispanic,white
631,8022,Female,75 Years & Over,4,non-hispanic,white
632,8023,Male,55 to 64 Years,8,hispanic,
633,8024,,65 to 74 Years,4,non-hispanic,white
634,8025,Male,75 Years & Over,3,non-hispanic,white
635,8026,Female,35 to 44 Years,2,non-hispanic,aa
636,8027,Female,55 to 64 Years,,non-hispanic,white
637,8028,Male,25 to 34 Years,6,non-hispanic,white
638,8029,Male,35 to 44 Years,2,hispanic,
639,8030,Male,55 to 64 Years,7,,
640,8031,Female,75 Years & Over,,non-hispanic,white
641,8032,Male,25 to 34 Years,6,non-hispanic,asian
642,8033,Female,55 to 64 Years,3,non-hispanic,white
643,8034,Male,25 to 34 Years,7,non-hispanic,asian
644,8035,Male,35 to 44 Years,8,non-hispanic,white
645,8036,Female,25 to 34 Years,8,non-hispanic,asian
646,8037,Female,35 to 44 Years,4,non-hispanic,white
647,8038,Male,45 to 54 Years,8,non-hispanic,white
648,8039,Male,75 Years & Over,,hispanic,
649,8040,Female,25 to 34 Years,6,hispanic,
650,8041,Male,25 to 34 Years,6,non-hispanic,white
651,8042,Female,65 to 74 Years,4,non-hispanic,white
652,8043,Female,75 Years & Over,3,non-hispanic,white
653,8044,Female,35 to 44 Years,7,non-hispanic,asian
654,8045,Female,75 Years & Over,6,non-hispanic,white
655,8046,Female,65 to 74 Years,1,non-hispanic,white
656,8047,Female,65 to 74 Years,4,non-hispanic,white
657,8048,Female,35 to 44 Years,8,non-hispanic,white
658,8049,Male,75 Years & Over,2,hispanic,
659,8050,Male,35 to 44 Years,4,non-hispanic,white
660,8051,Female,35 to 44 Years,5,non-hispanic,white
661,8052,Male,35 to 44 Years,,non-hispanic,white
662,8053,Male,45 to 54 Years,7,non-hispanic,white
663,8054,Male,25 to 34 Years,5,non-hispanic,white
664,8055,Male,25 to 34 Years,3,non-hispanic,white
665,8056,Female,75 Years & Over,1,non-hispanic,white
666,8057,Female,25 to 34 Years,7,non-hispanic,white
667,8058,,75 Years & Over,,,
668,8059,Male,75 Years & Over,6,non-hispanic,white
669,8060,,75 Years & Over,,,
670,8061,,75 Years & Over,,,
671,8062,Female,25 to 34 Years,7,non-hispanic,asian
672,8063,Female,65 to 74 Years,6,non-hispanic,aa
673,8064,Female,25 to 34 Years,3,non-hispanic,white
674,8065,,75 Years & Over,,,
675,8066,Male,25 to 34 Years,8,non-hispanic,two_or_more
676,8067,Female,55 to 64 Years,1,non-hispanic,white
677,8068,Female,75 Years & Over,2,non-hispanic,white
678,8069,Male,45 to 54 Years,4,non-hispanic,aa
679,8070,Male,35 to 44 Years,8,non-hispanic,white
680,8071,Male,55 to 64 Years,6,non-hispanic,white
681,8072,Female,35 to 44 Years,5,non-hispanic,white
682,8073,Female,35 to 44 Years,7,non-hispanic,white
683,8074,Male,55 to 64 Years,6,non-hispanic,asian
684,8075,Female,75 Years & Over,,,
685,8076,Female,75 Years & Over,,non-hispanic,white
686,8077,Male,25 to 34 Years,5,non-hispanic,white
687,8078,Female,25 to 34 Years,6,non-hispanic,white
688,8079,Male,65 to 74 Years,3,non-hispanic,asian
689,8080,Male,25 to 34 Years,6,non-hispanic,white
690,8081,Female,25 to 34 Years,4,non-hispanic,white
691,8082,Female,25 to 34 Years,8,non-hispanic,white
692,8083,Female,18 to 24 Years,6,non-hispanic,white
693,8084,Female,65 to 74 Years,2,non-hispanic,
694,8085,Male,55 to 64 Years,6,non-hispanic,white
695,8086,Female,45 to 54 Years,7,non-hispanic,white
696,8087,Male,35 to 44 Years,4,non-hispanic,aa
697,8088,Male,25 to 34 Years,6,non-hispanic,white
698,8089,Female,35 to 44 Years,4,non-hispanic,white
699,8090,Female,25 to 34 Years,4,non-hispanic,white
700,8091,Male,75 Years & Over,,non-hispanic,white
701,8092,Female,65 to 74 Years,2,non-hispanic,white
702,8093,Female,75 Years & Over,3,non-hispanic,white
703,8094,,75 Years & Over,,,
704,8095,Female,35 to 44 Years,7,non-hispanic,asian
705,8096,Female,35 to 44 Years,4,non-hispanic,white
706,8097,Female,55 to 64 Years,5,non-hispanic,white
707,8098,Male,55 to 64 Years,4,non-hispanic,white
708,8099,Male,65 to 74 Years,4,non-hispanic,white
709,8100,Female,65 to 74 Years,,non-hispanic,white
710,8101,Male,25 to 34 Years,5,non-hispanic,white
711,8102,Male,55 to 64 Years,3,hispanic,
712,8103,Female,35 to 44 Years,6,non-hispanic,white
713,8104,Female,75 Years & Over,3,non-hispanic,white
714,8105,Female,65 to 74 Years,5,non-hispanic,white
715,8106,Male,55 to 64 Years,,non-hispanic,white
716,8107,Female,18 to 24 Years,3,non-hispanic,white
717,8108,Female,25 to 34 Years,7,non-hispanic,white
718,8109,Female,25 to 34 Years,6,non-hispanic,asian
719,8110,Male,65 to 74 Years,5,non-hispanic,white
720,8111,Female,55 to 64 Years,5,non-hispanic,white
721,8112,Female,45 to 54 Years,4,non-hispanic,white
722,8113,Female,45 to 54 Years,6,non-hispanic,two_or_more
723,8114,Female,25 to 34 Years,6,non-hispanic,white
724,8115,Male,18 to 24 Years,8,non-hispanic,white
725,8116,Male,25 to 34 Years,6,non-hispanic,white
726,8117,Female,25 to 34 Years,8,non-hispanic,asian
727,8118,Female,25 to 34 Years,4,,
728,8119,Female,65 to 74 Years,6,non-hispanic,white
729,8120,Female,35 to 44 Years,2,non-hispanic,white
730,8121,Male,35 to 44 Years,8,non-hispanic,white
731,8122,Male,75 Years & Over,1,non-hispanic,white
732,8123,Female,25 to 34 Years,6,non-hispanic,white
733,8124,Female,65 to 74 Years,2,non-hispanic,white
734,8125,Female,65 to 74 Years,2,hispanic,
735,8126,Female,25 to 34 Years,4,non-hispanic,white
736,8127,Female,45 to 54 Years,4,non-hispanic,white
737,8128,Male,25 to 34 Years,6,non-hispanic,white
738,8129,Female,55 to 64 Years,8,non-hispanic,white
739,8130,Female,45 to 54 Years,6,non-hispanic,white
740,8131,Female,18 to 24 Years,4,non-hispanic,asian
741,8132,Female,35 to 44 Years,8,non-hispanic,white
742,8133,Male,35 to 44 Years,4,non-hispanic,white
743,8134,Female,65 to 74 Years,4,non-hispanic,white
744,8135,Female,25 to 34 Years,7,non-hispanic,white
745,8136,Male,65 to 74 Years,3,non-hispanic,white
746,8137,Male,35 to 44 Years,8,non-hispanic,white
747,8138,Male,35 to 44 Years,6,non-hispanic,white
748,8139,Female,55 to 64 Years,5,non-hispanic,white
749,8140,Male,55 to 64 Years,4,hispanic,
750,8141,Male,45 to 54 Years,4,hispanic,white
751,8142,Female,75 Years & Over,,non-hispanic,white
752,8143,Female,45 to 54 Years,5,non-hispanic,white
753,8144,Female,65 to 74 Years,2,non-hispanic,aa
754,8145,Male,55 to 64 Years,2,hispanic,
755,8146,Female,75 Years & Over,3,non-hispanic,white
756,8147,Male,25 to 34 Years,6,non-hispanic,white
757,8148,Male,35 to 44 Years,7,non-hispanic,white
758,8149,Male,55 to 64 Years,,non-hispanic,white
759,8150,Female,25 to 34 Years,6,non-hispanic,white
760,8151,Female,25 to 34 Years,4,non-hispanic,white
761,8152,Female,18 to 24 Years,6,non-hispanic,white
762,8153,Male,25 to 34 Years,6,non-hispanic,white
763,8154,,75 Years & Over,,,
764,8155,Female,25 to 34 Years,7,non-hispanic,white
765,8156,Male,25 to 34 Years,8,non-hispanic,white
766,8157,Female,25 to 34 Years,3,non-hispanic,aa
767,8158,Female,25 to 34 Years,8,non-hispanic,white
768,8159,Female,55 to 64 Years,7,non-hispanic,white
769,8160,Male,45 to 54 Years,5,non-hispanic,white
770,8161,Female,75 Years & Over,,non-hispanic,white
771,8162,Female,55 to 64 Years,,non-hispanic,white
772,8163,Female,35 to 44 Years,7,non-hispanic,white
773,8164,Female,45 to 54 Years,3,non-hispanic,white
774,8165,Female,25 to 34 Years,5,non-hispanic,white
775,8166,Female,75 Years & Over,2,non-hispanic,white
776,8167,Female,18 to 24 Years,1,non-hispanic,white
777,8168,Female,25 to 34 Years,5,non-hispanic,white
778,8169,Female,25 to 34 Years,3,non-hispanic,white
779,8170,Female,55 to 64 Years,,non-hispanic,white
780,8171,Male,45 to 54 Years,7,non-hispanic,white
781,8172,Female,25 to 34 Years,7,non-hispanic,asian
782,8173,Female,75 Years & Over,,non-hispanic,white
783,8174,Male,25 to 34 Years,4,hispanic,
784,8175,Female,65 to 74 Years,4,non-hispanic,white
785,8176,Male,35 to 44 Years,5,non-hispanic,white
786,8177,Female,45 to 54 Years,8,non-hispanic,white
787,8178,Female,65 to 74 Years,3,non-hispanic,white
788,8179,Female,25 to 34 Years,5,non-hispanic,asian
789,8180,Male,65 to 74 Years,3,non-hispanic,white
790,8181,Female,25 to 34 Years,7,non-hispanic,white
791,8182,Female,55 to 64 Years,1,,
792,8183,Female,35 to 44 Years,,non-hispanic,aa
793,8184,Female,45 to 54 Years,7,non-hispanic,white
794,8185,Male,25 to 34 Years,4,non-hispanic,white
795,8186,Female,35 to 44 Years,6,non-hispanic,white
796,8187,Male,35 to 44 Years,7,non-hispanic,white
797,8188,Female,55 to 64 Years,2,non-hispanic,aa
798,8189,Female,55 to 64 Years,1,non-hispanic,white
799,8190,Male,55 to 64 Years,1,non-hispanic,
800,8191,Male,35 to 44 Years,6,non-hispanic,white
801,8192,Female,18 to 24 Years,7,non-hispanic,white
802,8193,Male,75 Years & Over,,non-hispanic,white
803,8194,Female,55 to 64 Years,,non-hispanic,white
804,8195,Male,25 to 34 Years,6,non-hispanic,asian
805,8196,Male,25 to 34 Years,6,non-hispanic,other
806,8197,Female,35 to 44 Years,7,non-hispanic,white
807,8198,Male,35 to 44 Years,7,non-hispanic,white
808,8199,Male,75 Years & Over,3,non-hispanic,white
809,8200,Male,25 to 34 Years,3,non-hispanic,white
810,8201,Female,45 to 54 Years,8,non-hispanic,white
811,8202,Male,45 to 54 Years,8,non-hispanic,white
812,8203,Female,25 to 34 Years,8,non-hispanic,white
813,8204,Female,25 to 34 Years,4,non-hispanic,white
814,8205,Female,45 to 54 Years,6,non-hispanic,white
815,8206,Male,18 to 24 Years,,non-hispanic,white
816,8207,Female,25 to 34 Years,6,non-hispanic,white
817,8208,Male,25 to 34 Years,2,non-hispanic,white
818,8209,Female,25 to 34 Years,3,non-hispanic,white
819,8210,Male,25 to 34 Years,7,non-hispanic,white
820,8211,Male,55 to 64 Years,2,hispanic,
821,8212,Female,65 to 74 Years,6,non-hispanic,white
822,8213,Male,25 to 34 Years,8,non-hispanic,white
823,8214,Female,25 to 34 Years,3,non-hispanic,white
824,8215,Female,35 to 44 Years,7,non-hispanic,asian
825,8216,Female,25 to 34 Years,4,non-hispanic,white
826,8217,Male,35 to 44 Years,5,non-hispanic,aa
827,8218,Female,65 to 74 Years,8,non-hispanic,white
828,8219,Female,65 to 74 Years,6,non-hispanic,white
829,8220,Male,55 to 64 Years,6,non-hispanic,white
830,8221,Female,35 to 44 Years,6,non-hispanic,white
831,8222,Male,45 to 54 Years,6,hispanic,
832,8223,Male,25 to 34 Years,5,non-hispanic,white
833,8224,Male,45 to 54 Years,3,non-hispanic,two_or_more
834,8225,Female,45 to 54 Years,5,hispanic,
835,8226,Female,65 to 74 Years,6,non-hispanic,white
836,8227,Male,25 to 34 Years,6,non-hispanic,white
837,8228,Male,65 to 74 Years,3,non-hispanic,white
838,8229,,75 Years & Over,,,
839,8230,Female,25 to 34 Years,4,non-hispanic,white
840,8231,Male,25 to 34 Years,7,hispanic,
841,8232,Male,25 to 34 Years,7,non-hispanic,white
842,8233,Female,75 Years & Over,1,non-hispanic,white
843,8234,Female,35 to 44 Years,8,non-hispanic,white
844,8235,Female,35 to 44 Years,8,non-hispanic,white
845,8236,Female,25 to 34 Years,6,non-hispanic,white
846,8237,Male,55 to 64 Years,1,non-hispanic,white
847,8238,Male,55 to 64 Years,1,non-hispanic,white
848,8239,Male,55 to 64 Years,6,non-hispanic,aa
849,8240,Female,75 Years & Over,3,non-hispanic,white
850,8241,Male,55 to 64 Years,5,non-hispanic,white
851,8242,Female,45 to 54 Years,8,non-hispanic,white
852,8243,,18 to 24 Years,4,non-hispanic,asian
853,8244,Male,25 to 34 Years,8,non-hispanic,white
854,8245,Male,35 to 44 Years,8,non-hispanic,white
855,8246,Male,55 to 64 Years,5,non-hispanic,white
856,8247,Male,65 to 74 Years,,non-hispanic,white
857,8248,Male,65 to 74 Years,5,non-hispanic,aa
858,8249,Female,65 to 74 Years,3,non-hispanic,white
859,8250,Female,55 to 64 Years,4,non-hispanic,white
860,8251,Female,55 to 64 Years,4,non-hispanic,white
861,8252,Female,35 to 44 Years,8,non-hispanic,white
862,8253,Male,55 to 64 Years,6,non-hispanic,white
863,8254,Female,25 to 34 Years,4,non-hispanic,white
864,8255,Female,45 to 54 Years,,non-hispanic,white
865,8256,Female,65 to 74 Years,4,non-hispanic,white
866,8257,Female,55 to 64 Years,4,non-hispanic,white
867,8258,Male,55 to 64 Years,2,non-hispanic,white
868,8259,Female,45 to 54 Years,6,non-hispanic,white
869,8260,Male,25 to 34 Years,6,non-hispanic,white
870,8261,Male,35 to 44 Years,,,
871,8262,,25 to 34 Years,8,non-hispanic,white
872,8263,Male,35 to 44 Years,1,non-hispanic,white
873,8264,Female,25 to 34 Years,7,non-hispanic,white
874,8265,Female,55 to 64 Years,2,,
875,8266,Female,65 to 74 Years,6,non-hispanic,white
876,8267,Female,75 Years & Over,6,non-hispanic,white
877,8268,Male,45 to 54 Years,3,non-hispanic,other
878,8269,Female,35 to 44 Years,8,non-hispanic,white
879,8270,Female,25 to 34 Years,2,,
880,8271,Female,25 to 34 Years,4,non-hispanic,white
881,8272,Female,45 to 54 Years,6,non-hispanic,white
882,8273,Female,18 to 24 Years,4,non-hispanic,white
883,8274,Male,35 to 44 Years,5,hispanic,
884,8275,Female,25 to 34 Years,7,non-hispanic,white
885,8276,Female,55 to 64 Years,8,non-hispanic,white
886,8277,Female,25 to 34 Years,6,non-hispanic,white
887,8278,Female,55 to 64 Years,5,non-hispanic,white
888,8279,Female,55 to 64 Years,5,non-hispanic,white
889,8280,Male,35 to 44 Years,4,non-hispanic,white
890,8281,Female,35 to 44 Years,6,non-hispanic,white
891,8282,Male,65 to 74 Years,5,non-hispanic,white
892,8283,Female,25 to 34 Years,8,non-hispanic,white
893,8284,Male,75 Years & Over,4,non-hispanic,asian
894,8285,Female,35 to 44 Years,6,non-hispanic,white
895,8286,Female,35 to 44 Years,6,non-hispanic,white
896,8287,Female,75 Years & Over,2,non-hispanic,white
897,8288,Male,25 to 34 Years,4,non-hispanic,asian
898,8289,Female,25 to 34 Years,5,non-hispanic,white
899,8290,Male,45 to 54 Years,8,non-hispanic,white
900,8291,Female,65 to 74 Years,,hispanic,
901,8292,Female,25 to 34 Years,4,non-hispanic,white
902,8293,Female,25 to 34 Years,4,non-hispanic,white
903,8294,Male,35 to 44 Years,6,non-hispanic,white
904,8295,Male,35 to 44 Years,8,non-hispanic,white
905,8296,Female,25 to 34 Years,6,non-hispanic,white
906,8297,Male,65 to 74 Years,2,hispanic,
907,8298,Male,35 to 44 Years,8,non-hispanic,white
908,8299,,75 Years & Over,,non-hispanic,white
909,8300,Male,25 to 34 Years,7,non-hispanic,white
910,8301,Male,25 to 34 Years,6,non-hispanic,white
911,8302,Female,25 to 34 Years,5,non-hispanic,white
912,8303,Male,45 to 54 Years,7,non-hispanic,two_or_more
913,8304,Male,35 to 44 Years,,non-hispanic,white
914,8305,Female,45 to 54 Years,3,non-hispanic,white
915,8306,Female,45 to 54 Years,7,non-hispanic,white
916,8307,Male,55 to 64 Years,3,non-hispanic,white
917,8308,Female,25 to 34 Years,6,non-hispanic,white
918,8309,Male,25 to 34 Years,4,non-hispanic,white
919,8310,Male,35 to 44 Years,8,non-hispanic,white
920,8311,Female,25 to 34 Years,6,non-hispanic,white
921,8312,Female,25 to 34 Years,1,non-hispanic,white
922,8313,Female,75 Years & Over,1,non-hispanic,aa
923,8314,Female,45 to 54 Years,7,non-hispanic,white
924,8315,Female,35 to 44 Years,7,non-hispanic,asian
925,8316,Female,25 to 34 Years,6,non-hispanic,white
926,8317,Female,25 to 34 Years,4,non-hispanic,white
927,8318,Female,25 to 34 Years,,non-hispanic,white
928,8319,Female,35 to 44 Years,4,non-hispanic,white
929,8320,Female,45 to 54 Years,4,non-hispanic,white
930,8321,Female,35 to 44 Years,5,hispanic,
931,8322,Male,45 to 54 Years,8,,
932,8323,Female,75 Years & Over,1,non-hispanic,
933,8324,Female,75 Years & Over,,non-hispanic,white
934,8325,Male,35 to 44 Years,4,non-hispanic,asian
935,8326,,75 Years & Over,,,
936,8327,Female,25 to 34 Years,4,,
937,8328,Female,35 to 44 Years,6,non-hispanic,white
938,8329,Female,25 to 34 Years,5,non-hispanic,white
939,8330,Female,25 to 34 Years,4,non-hispanic,white
940,8331,Female,25 to 34 Years,6,non-hispanic,white
941,8332,Female,35 to 44 Years,7,non-hispanic,white
942,8333,Male,75 Years & Over,2,non-hispanic,white
943,8334,Female,25 to 34 Years,4,,
944,8335,Female,35 to 44 Years,3,hispanic,
945,8336,,75 Years & Over,,,
946,8337,Female,35 to 44 Years,8,non-hispanic,white
947,8338,Female,25 to 34 Years,4,non-hispanic,white
948,8339,Female,25 to 34 Years,7,non-hispanic,white
949,8340,Female,25 to 34 Years,7,non-hispanic,white
950,8341,Female,35 to 44 Years,8,non-hispanic,white
951,8342,Female,65 to 74 Years,4,non-hispanic,white
952,8343,Male,35 to 44 Years,4,non-hispanic,white
953,8344,Male,18 to 24 Years,6,non-hispanic,white
954,8345,Female,65 to 74 Years,4,non-hispanic,white
955,8346,Male,35 to 44 Years,7,non-hispanic,asian
956,8347,Male,35 to 44 Years,7,non-hispanic,asian
957,8348,Female,65 to 74 Years,4,non-hispanic,white
958,8349,Male,25 to 34 Years,8,non-hispanic,white
959,8350,Female,25 to 34 Years,4,non-hispanic,white
960,8351,Female,65 to 74 Years,7,non-hispanic,white
961,8352,Female,25 to 34 Years,3,non-hispanic,white
962,8353,Female,55 to 64 Years,,non-hispanic,white
963,8354,Female,55 to 64 Years,5,non-hispanic,white
964,8355,Female,35 to 44 Years,3,non-hispanic,white
965,8356,Female,65 to 74 Years,4,non-hispanic,white
966,8357,Female,75 Years & Over,1,non-hispanic,white
967,8358,Female,65 to 74 Years,5,non-hispanic,white
968,8359,Female,45 to 54 Years,8,,
969,8360,Female,55 to 64 Years,3,non-hispanic,white
970,8361,Female,25 to 34 Years,,hispanic,
971,8362,Male,65 to 74 Years,6,non-hispanic,white
972,8363,Female,25 to 34 Years,8,non-hispanic,white
973,8364,Male,75 Years & Over,2,non-hispanic,white
974,8365,Male,45 to 54 Years,5,non-hispanic,white
975,8366,Female,25 to 34 Years,6,non-hispanic,white
976,8367,Male,55 to 64 Years,4,non-hispanic,white
977,8368,Female,65 to 74 Years,7,non-hispanic,white
978,8369,Female,25 to 34 Years,7,non-hispanic,white
979,8370,Female,45 to 54 Years,8,non-hispanic,white
980,8371,Female,55 to 64 Years,3,non-hispanic,white
981,8372,,75 Years & Over,,,
982,8373,Female,75 Years & Over,4,,
983,8374,Female,75 Years & Over,3,non-hispanic,aa
984,8375,Female,65 to 74 Years,7,non-hispanic,white
985,8376,Male,25 to 34 Years,4,non-hispanic,white
986,8377,Female,55 to 64 Years,1,hispanic,
987,8378,Female,55 to 64 Years,6,non-hispanic,white
988,8379,Female,65 to 74 Years,2,non-hispanic,white
989,8380,Male,55 to 64 Years,5,non-hispanic,white
990,8381,Male,25 to 34 Years,5,non-hispanic,white
991,8382,Female,35 to 44 Years,2,non-hispanic,white
992,8383,Female,35 to 44 Years,2,non-hispanic,
993,8384,Male,35 to 44 Years,4,,
994,8385,Male,65 to 74 Years,4,non-hispanic,white
995,8386,Male,65 to 74 Years,5,non-hispanic,white
996,8387,Female,25 to 34 Years,3,non-hispanic,white
997,8388,Male,25 to 34 Years,3,non-hispanic,white
998,8389,Female,25 to 34 Years,4,non-hispanic,white
999,8390,Male,55 to 64 Years,2,non-hispanic,white
1000,8391,Female,55 to 64 Years,8,non-hispanic,white
1001,8392,Male,25 to 34 Years,8,non-hispanic,white
1002,8393,Male,25 to 34 Years,6,non-hispanic,white
1003,8394,Female,65 to 74 Years,3,non-hispanic,aa
1004,8395,Male,25 to 34 Years,6,non-hispanic,white
1005,8396,Female,35 to 44 Years,5,non-hispanic,white
1006,8397,Female,25 to 34 Years,7,non-hispanic,white
1007,8398,Female,35 to 44 Years,8,non-hispanic,white
1008,8399,,75 Years & Over,,,
1009,8400,,75 Years & Over,,,
1010,8401,Female,45 to 54 Years,1,non-hispanic,
1011,8402,Female,45 to 54 Years,1,non-hispanic,
1012,8403,Male,45 to 54 Years,6,non-hispanic,white
1013,8404,Female,35 to 44 Years,6,non-hispanic,white
1014,8405,Female,45 to 54 Years,7,non-hispanic,white
1015,8406,Female,45 to 54 Years,5,non-hispanic,white
1016,8407,Female,65 to 74 Years,,,
1017,8408,,75 Years & Over,,,
1018,8409,,55 to 64 Years,3,non-hispanic,white
1019,8410,,75 Years & Over,,,
1020,8411,Female,55 to 64 Years,1,non-hispanic,asian
1021,8412,Female,65 to 74 Years,6,non-hispanic,white
1022,8413,Female,65 to 74 Years,5,non-hispanic,white
1023,8414,Female,25 to 34 Years,8,non-hispanic,white
1024,8415,Nonbinary,75 Years & Over,4,non-hispanic,white
1025,8416,Male,25 to 34 Years,6,hispanic,
1026,8417,Female,35 to 44 Years,6,non-hispanic,white
1027,8418,Male,25 to 34 Years,8,non-hispanic,white
1028,8419,Female,55 to 64 Years,3,non-hispanic,white
1029,8420,Female,75 Years & Over,1,non-hispanic,white
1030,8421,Female,55 to 64 Years,4,non-hispanic,white
1031,8422,Female,25 to 34 Years,4,non-hispanic,white
1032,8423,Female,25 to 34 Years,5,non-hispanic,asian
1033,8424,Male,25 to 34 Years,4,non-hispanic,white
1034,8425,Female,55 to 64 Years,5,non-hispanic,white
1035,8426,Female,45 to 54 Years,5,non-hispanic,white
1036,8427,Male,18 to 24 Years,5,non-hispanic,white
1037,8428,Male,25 to 34 Years,5,non-hispanic,white
1038,8429,Female,55 to 64 Years,4,non-hispanic,white
1039,8430,Female,25 to 34 Years,5,non-hispanic,asian
1040,8431,Female,25 to 34 Years,4,non-hispanic,other
1041,8432,Female,35 to 44 Years,8,non-hispanic,white
1042,8433,Male,25 to 34 Years,8,non-hispanic,white
1043,8434,Female,45 to 54 Years,4,non-hispanic,white
1044,8435,Male,25 to 34 Years,8,non-hispanic,white
1045,8436,Male,55 to 64 Years,4,non-hispanic,white
1046,8437,Male,25 to 34 Years,8,non-hispanic,white
1047,8438,Male,35 to 44 Years,8,non-hispanic,white
1048,8439,Male,45 to 54 Years,6,non-hispanic,
1049,8440,Female,25 to 34 Years,5,non-hispanic,white
1050,8441,Female,45 to 54 Years,8,non-hispanic,white
1051,8442,Male,55 to 64 Years,7,non-hispanic,white
1052,8443,Female,55 to 64 Years,8,non-hispanic,white
1053,8444,Male,65 to 74 Years,3,non-hispanic,white
1054,8445,Female,35 to 44 Years,5,non-hispanic,white
1055,8446,Male,65 to 74 Years,7,non-hispanic,white
1056,8447,Female,45 to 54 Years,,non-hispanic,white
1057,8448,Male,25 to 34 Years,7,non-hispanic,white
1058,8449,,75 Years & Over,5,,
1059,8450,Male,25 to 34 Years,5,non-hispanic,white
1060,8451,Nonbinary,18 to 24 Years,3,non-hispanic,white
1061,8452,Female,55 to 64 Years,4,non-hispanic,white
1062,8453,Male,25 to 34 Years,7,non-hispanic,aa
1063,8454,Male,35 to 44 Years,6,non-hispanic,white
1064,8455,Female,25 to 34 Years,6,non-hispanic,two_or_more
1065,8456,Female,45 to 54 Years,7,non-hispanic,white
1066,8457,Female,35 to 44 Years,7,non-hispanic,white
1067,8458,Male,55 to 64 Years,7,non-hispanic,white
1068,8459,Female,25 to 34 Years,7,non-hispanic,white
1069,8460,Male,45 to 54 Years,6,non-hispanic,white
1070,8461,Female,25 to 34 Years,5,non-hispanic,aa
1071,8462,Female,35 to 44 Years,5,non-hispanic,white
1072,8463,Female,75 Years & Over,3,non-hispanic,white
1073,8464,Female,35 to 44 Years,8,hispanic,
1074,8465,Male,25 to 34 Years,8,non-hispanic,white
1075,8466,Female,75 Years & Over,8,,
1076,8467,Male,35 to 44 Years,,non-hispanic,white
1077,8468,Male,35 to 44 Years,8,non-hispanic,asian
1078,8469,Male,25 to 34 Years,7,non-hispanic,white
1079,8470,Male,55 to 64 Years,5,non-hispanic,other
1080,8471,Female,25 to 34 Years,3,non-hispanic,two_or_more
1081,8472,Female,75 Years & Over,,non-hispanic,white
1082,8473,Male,55 to 64 Years,8,non-hispanic,
1083,8474,Female,75 Years & Over,1,hispanic,
1084,8475,Female,65 to 74 Years,2,non-hispanic,white
1085,8476,Male,65 to 74 Years,5,non-hispanic,white
1086,8477,Male,25 to 34 Years,6,non-hispanic,white
1087,8478,Male,25 to 34 Years,3,non-hispanic,white
1088,8479,Male,75 Years & Over,,non-hispanic,white
1089,8480,Female,25 to 34 Years,5,non-hispanic,white
1090,8481,Female,25 to 34 Years,6,non-hispanic,white
1091,8482,Female,55 to 64 Years,3,non-hispanic,aa
1092,8483,Female,45 to 54 Years,8,non-hispanic,two_or_more
1093,8484,Male,25 to 34 Years,6,non-hispanic,white
1094,8485,Female,35 to 44 Years,5,non-hispanic,white
1095,8486,Male,25 to 34 Years,5,non-hispanic,white
1096,8487,Female,35 to 44 Years,8,non-hispanic,white
1097,8488,Female,35 to 44 Years,8,non-hispanic,asian
1098,8489,Female,55 to 64 Years,5,non-hispanic,white
1099,8490,,75 Years & Over,,,
1100,8491,Female,55 to 64 Years,3,non-hispanic,asian
1101,8492,Male,45 to 54 Years,6,non-hispanic,white
1102,8493,Male,25 to 34 Years,8,non-hispanic,white
1103,8494,Male,25 to 34 Years,7,non-hispanic,white
1104,8495,Male,25 to 34 Years,3,non-hispanic,white
1105,8496,Male,65 to 74 Years,6,non-hispanic,white
1106,8497,Female,55 to 64 Years,7,non-hispanic,white
1107,8498,Female,45 to 54 Years,5,non-hispanic,white
1108,8499,Female,35 to 44 Years,6,non-hispanic,white
1109,8500,Female,25 to 34 Years,7,non-hispanic,white
1110,8501,Male,35 to 44 Years,8,non-hispanic,asian
1111,8502,Male,75 Years & Over,4,non-hispanic,white
1112,8503,Male,75 Years & Over,2,non-hispanic,aa
1113,8504,Male,25 to 34 Years,4,non-hispanic,white
1114,8505,Male,75 Years & Over,,,
1115,8506,Female,35 to 44 Years,7,non-hispanic,white
1116,8507,,75 Years & Over,,,
1117,8508,Female,65 to 74 Years,,non-hispanic,white
1118,8509,Male,45 to 54 Years,7,non-hispanic,white
1119,8510,Male,25 to 34 Years,4,non-hispanic,white
1120,8511,Male,65 to 74 Years,7,non-hispanic,white
1121,8512,Male,75 Years & Over,2,non-hispanic,white
1122,8513,Female,35 to 44 Years,5,non-hispanic,white
1123,8514,Female,35 to 44 Years,5,non-hispanic,white
1124,8515,Male,35 to 44 Years,5,non-hispanic,white
1125,8516,Female,25 to 34 Years,4,non-hispanic,white
1126,8517,Female,25 to 34 Years,6,non-hispanic,white
1127,8518,Male,25 to 34 Years,5,non-hispanic,white
1128,8519,Female,18 to 24 Years,4,non-hispanic,white
1129,8520,Female,25 to 34 Years,,non-hispanic,two_or_more
1130,8521,Male,25 to 34 Years,7,non-hispanic,white
1131,8522,Female,45 to 54 Years,8,non-hispanic,white
1132,8523,Female,45 to 54 Years,8,non-hispanic,white
1133,8524,Female,35 to 44 Years,5,non-hispanic,white
1134,8525,Male,65 to 74 Years,7,non-hispanic,white
1135,8526,Female,65 to 74 Years,4,non-hispanic,white
1136,8527,Male,35 to 44 Years,6,non-hispanic,white
1137,8528,Female,25 to 34 Years,3,non-hispanic,white
1138,8529,Female,35 to 44 Years,5,non-hispanic,white
1139,8530,Male,18 to 24 Years,1,non-hispanic,asian
1140,8531,Female,45 to 54 Years,6,non-hispanic,white
1141,8532,Female,35 to 44 Years,6,non-hispanic,asian
1142,8533,Male,55 to 64 Years,4,non-hispanic,asian
1143,8534,Female,65 to 74 Years,3,non-hispanic,white
1144,8535,Female,35 to 44 Years,6,non-hispanic,white
1145,8536,Female,25 to 34 Years,6,,
1146,8537,Male,55 to 64 Years,4,non-hispanic,white
1147,8538,Female,65 to 74 Years,6,non-hispanic,white
1148,8539,Female,25 to 34 Years,5,non-hispanic,asian
1149,8540,Female,25 to 34 Years,7,non-hispanic,white
1150,8541,Female,25 to 34 Years,6,non-hispanic,white
1151,8542,Male,25 to 34 Years,7,non-hispanic,white
1152,8543,Female,75 Years & Over,3,non-hispanic,white
1153,8544,Male,25 to 34 Years,3,non-hispanic,white
1154,8545,Female,25 to 34 Years,7,non-hispanic,white
1155,8546,Male,55 to 64 Years,5,non-hispanic,white
1156,8547,Female,35 to 44 Years,6,non-hispanic,white
1157,8548,Male,35 to 44 Years,5,non-hispanic,white
1158,8549,Female,25 to 34 Years,4,non-hispanic,two_or_more
1159,8550,Male,75 Years & Over,4,non-hispanic,white
1160,8551,Female,35 to 44 Years,7,hispanic,
1161,8552,Male,35 to 44 Years,,non-hispanic,white
1162,8553,Male,25 to 34 Years,6,non-hispanic,white
1163,8554,Male,35 to 44 Years,8,non-hispanic,white
1164,8555,Female,75 Years & Over,5,non-hispanic,white
1165,8556,Female,25 to 34 Years,3,non-hispanic,asian
1166,8557,Female,45 to 54 Years,3,non-hispanic,white
1167,8558,Female,25 to 34 Years,4,non-hispanic,white
1168,8559,Male,45 to 54 Years,7,non-hispanic,white
1169,8560,Female,75 Years & Over,3,non-hispanic,white
1170,8561,Female,65 to 74 Years,,non-hispanic,white
1171,8562,Female,45 to 54 Years,6,non-hispanic,white
1172,8563,Female,45 to 54 Years,6,non-hispanic,white
1173,8564,Male,25 to 34 Years,7,non-hispanic,two_or_more
1174,8565,Female,25 to 34 Years,7,non-hispanic,white
1175,8566,,75 Years & Over,,,
1176,8567,Female,35 to 44 Years,6,non-hispanic,white
1177,8568,Female,65 to 74 Years,1,,
1178,8569,Male,35 to 44 Years,8,non-hispanic,white
1179,8570,Female,65 to 74 Years,5,non-hispanic,white
1180,8571,Male,55 to 64 Years,4,non-hispanic,white
1181,8572,Male,75 Years & Over,1,non-hispanic,white
1182,8573,Female,35 to 44 Years,6,non-hispanic,white
1183,8574,Female,25 to 34 Years,4,non-hispanic,white
1184,8575,Female,35 to 44 Years,5,non-hispanic,white
1185,8576,Female,25 to 34 Years,5,non-hispanic,white
1186,8577,Male,65 to 74 Years,5,non-hispanic,white
1187,8578,Male,65 to 74 Years,5,non-hispanic,white
1188,8579,Female,55 to 64 Years,,non-hispanic,white
1189,8580,Female,35 to 44 Years,2,non-hispanic,asian
1190,8581,Male,25 to 34 Years,7,non-hispanic,white
1191,8582,Female,25 to 34 Years,5,non-hispanic,white
1192,8583,Female,25 to 34 Years,3,non-hispanic,white
1193,8584,Male,35 to 44 Years,6,non-hispanic,white
1194,8585,Female,18 to 24 Years,5,non-hispanic,white
1195,8586,Nonbinary,25 to 34 Years,3,non-hispanic,white
1196,8587,Female,75 Years & Over,,non-hispanic,white
1197,8588,Female,75 Years & Over,1,non-hispanic,white
1198,8589,Female,45 to 54 Years,5,non-hispanic,white
1199,8590,Female,55 to 64 Years,3,non-hispanic,white
1200,8591,Female,35 to 44 Years,6,hispanic,
1201,8592,Male,35 to 44 Years,6,non-hispanic,white
1202,8593,Female,18 to 24 Years,6,,
1203,8594,Female,35 to 44 Years,5,non-hispanic,asian
1204,8595,Female,25 to 34 Years,4,non-hispanic,white
1205,8596,Male,55 to 64 Years,7,non-hispanic,white
1206,8597,Male,45 to 54 Years,6,non-hispanic,white
1207,8598,Male,55 to 64 Years,,non-hispanic,two_or_more
1208,8599,Female,25 to 34 Years,4,non-hispanic,white
1209,8600,Male,55 to 64 Years,,non-hispanic,white
1210,8601,Female,75 Years & Over,4,non-hispanic,white
1211,8602,Male,18 to 24 Years,6,non-hispanic,white
1212,8603,Male,18 to 24 Years,2,non-hispanic,white
1213,8604,Male,45 to 54 Years,3,non-hispanic,aa
1214,8605,Female,25 to 34 Years,5,non-hispanic,white
1215,8606,Female,25 to 34 Years,6,non-hispanic,white
1216,8607,Female,35 to 44 Years,8,non-hispanic,white
1217,8608,Male,25 to 34 Years,4,non-hispanic,white
1218,8609,Female,75 Years & Over,5,non-hispanic,white
1219,8610,Female,35 to 44 Years,6,non-hispanic,white
1220,8611,Female,65 to 74 Years,6,non-hispanic,asian
1221,8612,Female,35 to 44 Years,8,non-hispanic,white
1222,8613,Female,75 Years & Over,8,non-hispanic,white
1223,8614,Female,25 to 34 Years,5,non-hispanic,white
1224,8615,Female,35 to 44 Years,8,non-hispanic,white
1225,8616,Female,35 to 44 Years,8,non-hispanic,white
1226,8617,Female,18 to 24 Years,3,non-hispanic,white
1227,8618,Female,45 to 54 Years,8,non-hispanic,white
1228,8619,Female,25 to 34 Years,5,non-hispanic,white
1229,8620,Female,35 to 44 Years,5,non-hispanic,two_or_more
1230,8621,Female,45 to 54 Years,8,non-hispanic,white
1231,8622,Female,65 to 74 Years,2,,
1232,8623,Female,65 to 74 Years,4,non-hispanic,white
1233,8624,Male,45 to 54 Years,8,non-hispanic,white
1234,8625,Male,45 to 54 Years,7,non-hispanic,white
1235,8626,Female,35 to 44 Years,3,non-hispanic,asian
1236,8627,Female,35 to 44 Years,6,non-hispanic,white
1237,8628,Male,35 to 44 Years,3,non-hispanic,white
1238,8629,Male,25 to 34 Years,7,non-hispanic,white
1239,8630,Male,75 Years & Over,,non-hispanic,white
1240,8631,Female,25 to 34 Years,5,non-hispanic,white
1241,8632,Male,25 to 34 Years,5,non-hispanic,white
1242,8633,Female,55 to 64 Years,4,non-hispanic,white
1243,8634,Female,25 to 34 Years,5,non-hispanic,white
1244,8635,Female,45 to 54 Years,8,non-hispanic,two_or_more
1245,8636,Male,65 to 74 Years,3,non-hispanic,white
1246,8637,Male,25 to 34 Years,6,non-hispanic,white
1247,8638,Male,75 Years & Over,1,hispanic,
1248,8639,Female,35 to 44 Years,6,non-hispanic,white
1249,8640,Female,35 to 44 Years,5,non-hispanic,white
1250,8641,Male,75 Years & Over,2,non-hispanic,white
1251,8642,Female,35 to 44 Years,,non-hispanic,white
1252,8643,Female,35 to 44 Years,7,non-hispanic,white
1253,8644,Female,35 to 44 Years,7,non-hispanic,white
1254,8645,Male,25 to 34 Years,,non-hispanic,white
1255,8646,Female,75 Years & Over,,non-hispanic,white
1256,8647,,35 to 44 Years,7,,
1257,8648,Male,65 to 74 Years,5,non-hispanic,white
1258,8649,Female,35 to 44 Years,5,non-hispanic,aa
1259,8650,Female,25 to 34 Years,5,non-hispanic,white
1260,8651,Female,18 to 24 Years,6,non-hispanic,white
1261,8652,Female,35 to 44 Years,3,non-hispanic,white
1262,8653,Female,35 to 44 Years,7,non-hispanic,white
1263,8654,Female,35 to 44 Years,6,non-hispanic,white
1264,8655,Male,25 to 34 Years,8,non-hispanic,white
1265,8656,Female,25 to 34 Years,4,non-hispanic,white
1266,8657,Female,75 Years & Over,2,non-hispanic,white
1267,8658,Male,65 to 74 Years,1,non-hispanic,white
1268,8659,Nonbinary,25 to 34 Years,2,non-hispanic,white
1269,8660,Male,75 Years & Over,2,non-hispanic,white
1270,8661,Female,35 to 44 Years,6,non-hispanic,white
1271,8662,Male,45 to 54 Years,7,non-hispanic,white
1272,8663,Female,55 to 64 Years,2,non-hispanic,
1273,8664,Female,75 Years & Over,6,non-hispanic,white
1274,8665,Female,25 to 34 Years,8,non-hispanic,white
1275,8666,Male,25 to 34 Years,7,non-hispanic,white
1276,8667,Female,25 to 34 Years,3,non-hispanic,white
1277,8668,Male,35 to 44 Years,8,non-hispanic,white
1278,8669,Male,55 to 64 Years,5,non-hispanic,white
1279,8670,Male,25 to 34 Years,8,non-hispanic,white
1280,8671,Female,45 to 54 Years,7,,
1281,8672,,75 Years & Over,,,
1282,8673,Female,35 to 44 Years,6,non-hispanic,other
1283,8674,Male,35 to 44 Years,5,non-hispanic,white
1284,8675,Female,25 to 34 Years,,non-hispanic,white
1285,8676,Female,25 to 34 Years,8,non-hispanic,asian
1286,8677,Female,55 to 64 Years,5,,
1287,8678,Male,35 to 44 Years,7,non-hispanic,white
1288,8679,Male,45 to 54 Years,4,hispanic,white
1289,8680,,75 Years & Over,,,
1290,8681,Female,75 Years & Over,2,non-hispanic,white
1291,8682,Male,35 to 44 Years,,non-hispanic,white
1292,8683,Female,55 to 64 Years,7,non-hispanic,white
1293,8684,Female,75 Years & Over,,non-hispanic,white
1294,8685,Male,35 to 44 Years,6,non-hispanic,white
1295,8686,Female,25 to 34 Years,5,non-hispanic,white
1296,8687,Nonbinary,25 to 34 Years,7,non-hispanic,white
1297,8688,Female,55 to 64 Years,6,non-hispanic,white
1298,8689,Male,65 to 74 Years,3,non-hispanic,white
1299,8690,Female,75 Years & Over,1,non-hispanic,white
1300,8691,Male,65 to 74 Years,4,hispanic,
1301,8692,Male,25 to 34 Years,7,non-hispanic,white
1302,8693,Male,65 to 74 Years,5,non-hispanic,white
1303,8694,Female,18 to 24 Years,4,non-hispanic,white
1304,8695,Male,65 to 74 Years,5,non-hispanic,white
1305,8696,Female,35 to 44 Years,8,non-hispanic,white
1306,8697,Female,18 to 24 Years,7,non-hispanic,white
1307,8698,Female,25 to 34 Years,6,non-hispanic,white
1308,8699,Female,25 to 34 Years,7,non-hispanic,white
1309,8700,Female,55 to 64 Years,,non-hispanic,white
1310,8701,Female,45 to 54 Years,4,non-hispanic,white
1311,8702,Female,45 to 54 Years,3,hispanic,white
1312,8703,Male,75 Years & Over,2,non-hispanic,white
1313,8704,Female,35 to 44 Years,1,hispanic,
1314,8705,Male,75 Years & Over,,,
1315,8706,Male,18 to 24 Years,2,non-hispanic,asian
1316,8707,Female,35 to 44 Years,7,non-hispanic,white
1317,8708,Female,65 to 74 Years,4,non-hispanic,white
1318,8709,Male,35 to 44 Years,6,non-hispanic,white
1319,8710,Female,25 to 34 Years,8,non-hispanic,white
1320,8711,Female,75 Years & Over,5,non-hispanic,asian
1321,8712,Female,25 to 34 Years,6,non-hispanic,white
1322,8713,Male,25 to 34 Years,4,non-hispanic,white
1323,8714,Female,25 to 34 Years,3,non-hispanic,white
1324,8715,Female,55 to 64 Years,4,non-hispanic,white
1325,8716,Female,25 to 34 Years,7,non-hispanic,white
1326,8717,Male,25 to 34 Years,3,non-hispanic,white
1327,8718,Female,35 to 44 Years,8,non-hispanic,white
1328,8719,,75 Years & Over,,,
1329,8720,Female,55 to 64 Years,1,hispanic,
1330,8721,Female,25 to 34 Years,6,non-hispanic,white
1331,8722,Female,45 to 54 Years,3,non-hispanic,white
1332,8723,Female,55 to 64 Years,3,non-hispanic,
1333,8724,Female,55 to 64 Years,6,non-hispanic,white
1334,8725,Male,65 to 74 Years,8,non-hispanic,white
1335,8726,Male,25 to 34 Years,5,non-hispanic,white
1336,8727,Male,45 to 54 Years,3,non-hispanic,white
1337,8728,Female,25 to 34 Years,6,non-hispanic,white
1338,8729,Male,18 to 24 Years,8,non-hispanic,white
1339,8730,Female,25 to 34 Years,4,non-hispanic,white
1340,8731,Female,25 to 34 Years,4,non-hispanic,white
1341,8732,Female,25 to 34 Years,6,non-hispanic,white
1342,8733,Male,75 Years & Over,,non-hispanic,white
1343,8734,Male,35 to 44 Years,4,non-hispanic,white
1344,8735,Male,65 to 74 Years,6,non-hispanic,white
1345,8736,Female,65 to 74 Years,4,non-hispanic,white
1346,8737,Female,25 to 34 Years,7,non-hispanic,white
1347,8738,Female,25 to 34 Years,6,non-hispanic,white
1348,8739,Female,25 to 34 Years,7,non-hispanic,white
1349,8740,Male,25 to 34 Years,5,non-hispanic,white
1350,8741,Male,35 to 44 Years,8,non-hispanic,white
1351,8742,Female,75 Years & Over,3,non-hispanic,white
1352,8743,Female,35 to 44 Years,8,non-hispanic,asian
1353,8744,Female,45 to 54 Years,5,non-hispanic,white
1354,8745,Male,65 to 74 Years,4,non-hispanic,white
1355,8746,Nonbinary,35 to 44 Years,7,non-hispanic,white
1356,8747,Female,25 to 34 Years,8,non-hispanic,white
1357,8748,Female,45 to 54 Years,6,non-hispanic,white
1358,8749,Female,35 to 44 Years,6,hispanic,white
1359,8750,Male,25 to 34 Years,,non-hispanic,white
1360,8751,Female,25 to 34 Years,,non-hispanic,two_or_more
1361,8752,Male,75 Years & Over,2,non-hispanic,white
1362,8753,Female,25 to 34 Years,6,non-hispanic,white
1363,8754,Female,25 to 34 Years,5,non-hispanic,white
1364,8755,Male,65 to 74 Years,4,non-hispanic,white
1365,8756,Female,25 to 34 Years,6,non-hispanic,white
1366,8757,Female,55 to 64 Years,5,non-hispanic,white
1367,8758,Male,45 to 54 Years,6,non-hispanic,white
1368,8759,Male,35 to 44 Years,8,non-hispanic,white
1369,8760,Female,55 to 64 Years,6,non-hispanic,white
1370,8761,Female,35 to 44 Years,4,non-hispanic,white
1371,8762,Male,45 to 54 Years,4,hispanic,
1372,8763,Male,18 to 24 Years,4,,
1373,8764,Female,25 to 34 Years,5,,
1374,8765,Male,25 to 34 Years,4,non-hispanic,white
1375,8766,Male,65 to 74 Years,3,non-hispanic,white
1376,8767,Female,75 Years & Over,,non-hispanic,aa
1377,8768,Male,35 to 44 Years,8,,
1378,8769,Female,35 to 44 Years,8,non-hispanic,white
1379,8770,Female,55 to 64 Years,7,,
1380,8771,Male,65 to 74 Years,8,non-hispanic,white
1381,8772,Male,25 to 34 Years,7,non-hispanic,white
1382,8773,Female,75 Years & Over,,non-hispanic,white
1383,8774,Female,25 to 34 Years,7,non-hispanic,white
1384,8775,Female,45 to 54 Years,2,non-hispanic,aa
1385,8776,Female,18 to 24 Years,8,non-hispanic,two_or_more
1386,8777,Female,25 to 34 Years,7,non-hispanic,white
1387,8778,Male,65 to 74 Years,4,non-hispanic,white
1388,8779,Female,25 to 34 Years,6,non-hispanic,white
1389,8780,Male,45 to 54 Years,6,non-hispanic,white
1390,8781,Female,55 to 64 Years,5,non-hispanic,white
1391,8782,Female,25 to 34 Years,6,non-hispanic,white
1392,8783,Male,25 to 34 Years,6,non-hispanic,white
1393,8784,Female,25 to 34 Years,,non-hispanic,white
1394,8785,Male,25 to 34 Years,,non-hispanic,white
1395,8786,Female,25 to 34 Years,6,non-hispanic,white
1396,8787,Female,45 to 54 Years,6,non-hispanic,white
1397,8788,Female,55 to 64 Years,6,non-hispanic,white
1398,8789,Female,55 to 64 Years,5,non-hispanic,white
1399,8790,Male,25 to 34 Years,4,non-hispanic,white
1400,8791,Female,25 to 34 Years,4,non-hispanic,white
1401,8792,Male,75 Years & Over,1,non-hispanic,white
1402,8793,Male,35 to 44 Years,,non-hispanic,white
1403,8794,Female,35 to 44 Years,6,non-hispanic,white
1404,8795,Female,75 Years & Over,6,non-hispanic,white
1405,8796,Female,45 to 54 Years,5,non-hispanic,white
1406,8797,Female,18 to 24 Years,8,non-hispanic,white
1407,8798,Female,55 to 64 Years,3,non-hispanic,white
1408,8799,Male,25 to 34 Years,4,non-hispanic,asian
1409,8800,Female,55 to 64 Years,4,non-hispanic,white
1410,8801,Male,35 to 44 Years,2,non-hispanic,asian
1411,8802,Female,65 to 74 Years,,non-hispanic,white
1412,8803,Female,65 to 74 Years,5,non-hispanic,white
1413,8804,Female,45 to 54 Years,4,non-hispanic,white
1414,8805,Male,75 Years & Over,2,non-hispanic,white
1415,8806,Female,25 to 34 Years,4,non-hispanic,aa
1416,8807,Female,65 to 74 Years,2,non-hispanic,asian
1417,8808,Female,75 Years & Over,1,non-hispanic,white
1418,8809,Female,35 to 44 Years,8,non-hispanic,white
1419,8810,Female,25 to 34 Years,3,non-hispanic,white
1420,8811,Female,25 to 34 Years,8,non-hispanic,white
1421,8812,Female,35 to 44 Years,7,non-hispanic,white
1422,8813,Female,25 to 34 Years,8,non-hispanic,white
1423,8814,Female,25 to 34 Years,6,non-hispanic,white
1424,8815,Female,25 to 34 Years,8,non-hispanic,white
1425,8816,Female,18 to 24 Years,5,non-hispanic,white
1426,8817,Male,35 to 44 Years,8,non-hispanic,white
1427,8818,Female,65 to 74 Years,,non-hispanic,white
1428,8819,Female,18 to 24 Years,4,non-hispanic,white
1429,8820,Female,45 to 54 Years,5,non-hispanic,white
1430,8821,Female,25 to 34 Years,4,hispanic,
1431,8822,Male,25 to 34 Years,8,non-hispanic,white
1432,8823,,75 Years & Over,,,
1433,8824,Male,25 to 34 Years,7,non-hispanic,asian
1434,8825,Male,75 Years & Over,1,non-hispanic,white
1435,8826,Female,35 to 44 Years,5,non-hispanic,white
1436,8827,Male,35 to 44 Years,6,non-hispanic,asian
1437,8828,Male,25 to 34 Years,6,,
1438,8829,Female,25 to 34 Years,,non-hispanic,white
1439,8830,Female,55 to 64 Years,4,non-hispanic,aa
1440,8831,Male,75 Years & Over,6,non-hispanic,white
1441,8832,Male,55 to 64 Years,8,non-hispanic,white
1442,8833,Male,25 to 34 Years,5,,
1443,8834,Female,45 to 54 Years,2,non-hispanic,white
1444,8835,Female,25 to 34 Years,4,non-hispanic,white
1445,8836,Female,45 to 54 Years,8,non-hispanic,asian
1446,8837,Female,35 to 44 Years,6,non-hispanic,white
1447,8838,Male,35 to 44 Years,8,non-hispanic,white
1448,8839,Female,18 to 24 Years,3,non-hispanic,white
1449,8840,Female,45 to 54 Years,6,non-hispanic,white
1450,8841,Female,35 to 44 Years,5,non-hispanic,asian
1451,8842,Female,35 to 44 Years,7,non-hispanic,white
1452,8843,Female,25 to 34 Years,4,non-hispanic,white
1453,8844,Male,65 to 74 Years,4,non-hispanic,white
1454,8845,Female,55 to 64 Years,2,non-hispanic,white
1455,8846,Male,65 to 74 Years,8,non-hispanic,white
1456,8847,Female,55 to 64 Years,8,non-hispanic,white
1457,8848,Female,25 to 34 Years,7,non-hispanic,white
1458,8849,Female,25 to 34 Years,,non-hispanic,white
1459,8850,Female,45 to 54 Years,3,non-hispanic,white
1460,8851,Female,35 to 44 Years,,non-hispanic,white
1461,8852,Female,35 to 44 Years,6,non-hispanic,white
1462,8853,Female,55 to 64 Years,4,non-hispanic,white
1463,8854,Female,55 to 64 Years,7,non-hispanic,white
1464,8855,Female,25 to 34 Years,6,non-hispanic,white
1465,8856,Female,65 to 74 Years,5,non-hispanic,white
1466,8857,Female,25 to 34 Years,8,non-hispanic,asian
1467,8858,Male,35 to 44 Years,7,non-hispanic,white
1468,8859,Male,55 to 64 Years,6,non-hispanic,white
1469,8860,Female,25 to 34 Years,4,non-hispanic,white
1470,8861,Male,25 to 34 Years,8,non-hispanic,white
1471,8862,Male,35 to 44 Years,6,non-hispanic,white
1472,8863,Female,55 to 64 Years,4,non-hispanic,white
1473,8864,Male,25 to 34 Years,6,non-hispanic,white
1474,8865,,75 Years & Over,,,
1475,8866,Female,55 to 64 Years,3,non-hispanic,aa
1476,8867,Female,35 to 44 Years,8,non-hispanic,white
1477,8868,Male,75 Years & Over,3,non-hispanic,white
1478,8869,Male,35 to 44 Years,6,hispanic,
1479,8870,Female,35 to 44 Years,6,non-hispanic,white
1480,8871,Female,75 Years & Over,6,non-hispanic,white
1481,8872,Female,25 to 34 Years,8,non-hispanic,white
1482,8873,Female,75 Years & Over,3,non-hispanic,white
1483,8874,Female,35 to 44 Years,4,non-hispanic,white
1484,8875,Female,55 to 64 Years,3,non-hispanic,aa
1485,8876,Female,75 Years & Over,,,
1486,8877,Male,55 to 64 Years,3,non-hispanic,white
1487,8878,Male,25 to 34 Years,5,non-hispanic,white
1488,8879,Nonbinary,55 to 64 Years,7,,
1489,8880,Nonbinary,55 to 64 Years,7,,
1490,8881,,75 Years & Over,,,
1491,8882,Female,45 to 54 Years,6,non-hispanic,white
1492,8883,Female,25 to 34 Years,8,non-hispanic,white
1493,8884,Female,25 to 34 Years,8,non-hispanic,white
1494,8885,Female,25 to 34 Years,8,non-hispanic,two_or_more
1495,8886,Female,75 Years & Over,2,non-hispanic,
